listing_id,title,district,property_type,price_hkd,usable_area_sqft,bedrooms,bathrooms,agency,image_url,url,fetched_at
3932506,香港大學 港大学生合租 水電網+清潔洗衣+额外宽敞24小時自習室 免佣11个月,上環,文景大廈,9500,466,3,2,,https://i1.28hse.com/2026/07/202607150936337394735_thumb.jpg,https://www.28hse.com/rent/apartment/property-3932506,2026-08-02T21:33:05.478720+00:00
3922832,【獨家VR/圖則】內外翻新 / 包傢電 / 近扶手梯,中環,伊利近街8-10號,17000,463,2,1,小村置業有限公司,https://i1.28hse.com/2026/07/202607081038412628163_thumb.jpg,https://www.28hse.com/rent/apartment/property-3922832,2026-08-02T21:33:05.478720+00:00
3922311,永生大厦｜永樂街｜兩房｜間格實用 l 開揚光猛 l 歡迎大學生,上環,永生大廈,15000,412,2,1,天立地產有限公司,https://i1.28hse.com/2026/07/202607201602575933179_thumb.jpg,https://www.28hse.com/rent/apartment/property-3922311,2026-08-02T21:33:05.478720+00:00
3068889,西營盤醫院路單間,西營盤,育賢樓,13500,656,1,1,,https://i1.28hse.com/2026/07/20260722062338584462_thumb.jpg,https://www.28hse.com/rent/apartment/property-3068889,2026-08-02T21:33:05.478720+00:00
3916427,【VR/圖則】行樓梯 / 近地鐵 / 天台,西營盤,西邊街8-10號,15500,425,2,1,小村置業有限公司,https://i1.28hse.com/2026/07/202607071222268035236_thumb.jpg,https://www.28hse.com/rent/apartment/property-3916427,2026-08-02T21:33:05.478720+00:00
3918401,超平租 歡迎大學生 雅裝2房 傢電齊 拎包入住 步行10分鐘至港大,石塘咀,再發大廈,17000,466,2,1,樂家物業有限公司,https://i1.28hse.com/2026/07/20260731025403702735_thumb.jpg,https://www.28hse.com/rent/apartment/property-3918401,2026-08-02T21:33:05.478720+00:00
3792770,"大坑區(行樓梯3F), 光猛多窗2房, 8分鐘可到天后或銅鑼灣",大坑,唐樓,14000,418,2,1,置業佳地產有限公司,https://i1.28hse.com/2026/03/202603311827102453804_thumb.jpg,https://www.28hse.com/rent/apartment/property-3792770,2026-08-02T21:33:05.478720+00:00
3932060,"(業主禁寵) 大坑區, 2房多窗, 企理裝修",大坑,唐樓,15500,418,2,1,置業佳地產有限公司,https://i1.28hse.com/2026/07/202607221438242444327_thumb.jpg,https://www.28hse.com/rent/apartment/property-3932060,2026-08-02T21:33:05.478720+00:00
3955479,何文田地鐵站想住大啲 又唔嫌係舊樓 呢個係最好嘅選擇 廳大房大,紅磡,蔚景樓,15000,415,2,1,富恒地產,https://i1.28hse.com/2026/08/202608011817534869750_thumb.jpg,https://www.28hse.com/rent/apartment/property-3955479,2026-08-02T21:33:05.478720+00:00
3802502,[租] 紅磡/黃埔 黃埔新村 2房1廳 大間抵住,紅磡,黃埔新村,16000,413,2,1,天富物業,https://i1.28hse.com/2026/08/202608011640006384766_thumb.jpg,https://www.28hse.com/rent/apartment/property-3802502,2026-08-02T21:33:05.478720+00:00
3952421,"唐樓4/F 三大房,三分鐘到土瓜灣站",紅磡,漆馬大廈,12800,683,3,1,錦隆物業代理,https://i1.28hse.com/2026/08/202608011919296268853_thumb.jpg,https://www.28hse.com/rent/apartment/property-3952421,2026-08-02T21:33:05.478720+00:00
3931521,[蔚景樓] 何文田地鐵站旁，交通便利，大大間2房，住得舒適,紅磡,蔚景樓,15000,415,2,1,富恒地產,https://i1.28hse.com/2026/07/202607291743173628095_thumb.jpg,https://www.28hse.com/rent/apartment/property-3931521,2026-08-02T21:33:05.478720+00:00
3950517,罕有平租， 學生可合租 (年付)!,紅磡,蕪湖街38號,14500,712,2,1,漢賢物業顧問公司,https://i1.28hse.com/2026/07/202607291026268728832_thumb.jpg,https://www.28hse.com/rent/apartment/property-3950517,2026-08-02T21:33:05.478720+00:00
3884505,"電梯中層實用三房,已吉即睇",紅磡,昌盛金鋪大樓,14800,455,3,1,錦隆物業代理,https://i1.28hse.com/2026/07/202607301605532409764_thumb.jpg,https://www.28hse.com/rent/apartment/property-3884505,2026-08-02T21:33:05.478720+00:00
3861891,可8月中起租*福年新樓2房*間隔四正好用*近地鐵站,紅磡,福年新樓,13800,430,2,1,樺毅地產代理公司,https://i1.28hse.com/2026/07/202607100851556330111_thumb.jpg,https://www.28hse.com/rent/apartment/property-3861891,2026-08-02T21:33:05.478720+00:00
3948001,"2房靚裝,即租即住,CALL 我睇樓",紅磡,黃埔新村,16888,400,2,,太陽物業,https://i1.28hse.com/2026/07/202607271215035721859_thumb.jpg,https://www.28hse.com/rent/apartment/property-3948001,2026-08-02T21:33:05.478720+00:00
3915496,紅磡黃埔唐樓，有裝修，可睇樓,紅磡,黃埔唐樓,16000,422,3,1,長城物業代理有限公司,https://i1.28hse.com/2026/07/20260721201014768492_thumb.jpg,https://www.28hse.com/rent/apartment/property-3915496,2026-08-02T21:33:05.478720+00:00
3934209,何文田地鐵站想住大啲 又唔嫌係舊樓 呢個係最好嘅選擇 廳大房大,紅磡,蔚景樓,15000,415,2,1,富恒地產,https://i1.28hse.com/2026/07/202607301125126012811_thumb.jpg,https://www.28hse.com/rent/apartment/property-3934209,2026-08-02T21:33:05.478720+00:00
3921636,全新裝修唐2/F超大584呎三房兩廁，歡迎學生合租，有傢俬電器拎包入住超近何文田,紅磡,漆咸大樓,15000,584,3,2,德榮地產代理公司,https://i1.28hse.com/2026/07/202607211318023362747_thumb.jpg,https://www.28hse.com/rent/apartment/property-3921636,2026-08-02T21:33:05.478720+00:00
3843205,"裝修企理,間隔實用,家電齊全,環境清靜,租金實惠,只求好客",紅磡,黃埔唐樓,15800,423,2,1,龍輝地產,https://i1.28hse.com/2026/07/202607201634135793926_thumb.jpg,https://www.28hse.com/rent/apartment/property-3843205,2026-08-02T21:33:05.478720+00:00
3936689,歡迎查詢，2房出租,紅磡,黃埔新村,16500,401,2,,永利地產,https://i1.28hse.com/2026/07/20260718032334236028_thumb.jpg,https://www.28hse.com/rent/apartment/property-3936689,2026-08-02T21:33:05.478720+00:00
3929941,連大平台250呎，可燒烤，可種花，可養貓仔狗仔，業主好商量，有匙即睇！罕有放盤！,紅磡,明華閣,14500,499,2,1,世紀21領先置業代理,https://i1.28hse.com/2026/07/202607131040331074301_thumb.jpg,https://www.28hse.com/rent/apartment/property-3929941,2026-08-02T21:33:05.478720+00:00
3921651,特大兩房一廳，何文田地鐵站旁邊，我步行理工/都會大學 將會更換冷氣油漆裝修,紅磡,蔚景樓,15000,415,2,1,德榮地產代理公司,https://i1.28hse.com/2026/07/202607211222054529593_thumb.jpg,https://www.28hse.com/rent/apartment/property-3921651,2026-08-02T21:33:05.478720+00:00
3915893,可種花種菜燒嘢食，5分鐘地鐵,紅磡,福年新樓,14800,413,2,1,環球物業 (香港),https://i1.28hse.com/2026/07/202607031559588673691_thumb.jpg,https://www.28hse.com/rent/apartment/property-3915893,2026-08-02T21:33:05.478720+00:00
3875747,新裝修，歡迎學生，三房開陽東南，大單邊明廁，5分鐘生活圈，交通便利,紅磡,崇義樓,15500,462,3,1,匯誠物業有限公司,https://i1.28hse.com/2026/06/202606041544274378021_thumb.jpg,https://www.28hse.com/rent/apartment/property-3875747,2026-08-02T21:33:05.478720+00:00
3822498,"「留學生福利」單間起租, 家具齊備, 密碼鎖, 獨立空間",紅磡,海濱南岸,7800,593,3,2,迎富地產代理有限公司,https://i1.28hse.com/2026/06/202606042122153877780_thumb.jpg,https://www.28hse.com/rent/apartment/property-3822498,2026-08-02T21:33:05.478720+00:00
1589419,"尖沙咀豪裝全新高層套房, 新裝大堂，業主盤免佣。2分鐘地鐵/電腦大門、平地升降機",尖沙咀,漢光大廈,7888,675,1,1,,https://i1.28hse.com/2026/08/202608011734568766021_thumb.jpg,https://www.28hse.com/rent/apartment/property-1589419,2026-08-02T21:33:05.478720+00:00
3957365,尖沙咀站出口旁遠東大廈,尖沙咀,遠東大廈,10000,695,1,1,駿輝地產世一有限公司,https://i1.28hse.com/2026/08/202608030120278661266_thumb.jpg,https://www.28hse.com/rent/apartment/property-3957365,2026-08-02T21:33:05.478720+00:00
3957363,【開學急放】尖沙咀地鐵口1min套房 $8750全包免佣 僅此一間先到先得,尖沙咀,遠東大廈,8750,695,1,1,駿輝地產世一有限公司,https://i1.28hse.com/2026/08/202608030109318266907_thumb.jpg,https://www.28hse.com/rent/apartment/property-3957363,2026-08-02T21:33:05.478720+00:00
3953949,尖沙咀 【海防大廈】 酒店式精品1房1廳套房 包傢電 新淨企理 樓下即達尖沙咀,尖沙咀,海防大廈,9700,546,1,1,駿輝地產有限公司,https://i1.28hse.com/2026/07/20260731175552815338_thumb.jpg,https://www.28hse.com/rent/apartment/property-3953949,2026-08-02T21:33:05.478720+00:00
3823532,罕有三房 四正開陽鄰近理工,尖沙咀,唐樓,16000,433,3,1,嘉憶地產,https://i1.28hse.com/2026/07/202607062337238374553_thumb.jpg,https://www.28hse.com/rent/apartment/property-3823532,2026-08-02T21:33:05.478720+00:00
3930744,[美麗都大廈 ]尖沙咀最平3房!!間隔試正 超值價格 唔好錯過,尖沙咀,美麗都大廈,16000,543,3,1,駿輝地產世一有限公司,https://i1.28hse.com/2026/07/202607291803291678625_thumb.jpg,https://www.28hse.com/rent/apartment/property-3930744,2026-08-02T21:33:05.478720+00:00
3950952,尖沙咀 美麗都大廈 三房一廳 地方空間大 新淨企理 性價比高,尖沙咀,美麗都大廈,16000,543,3,1,駿輝地產有限公司,https://i1.28hse.com/2026/07/202607291534258357779_thumb.jpg,https://www.28hse.com/rent/apartment/property-3950952,2026-08-02T21:33:05.478720+00:00
3885155,隨時约看,尖沙咀,單幢樓房,17000,570,2,1,信富地產,https://i1.28hse.com/2026/06/20260610172656526739_thumb.jpg,https://www.28hse.com/rent/apartment/property-3885155,2026-08-02T21:33:05.478720+00:00
3945251,有海景附設電器傢俬交通方便食肆林立即時入住,尖沙咀,恆星樓,16800,431,2,1,駿輝地產皓譽有限公司,https://i1.28hse.com/2026/08/202608011220133357898_thumb.jpg,https://www.28hse.com/rent/apartment/property-3945251,2026-08-02T21:33:05.478720+00:00
2257553,尖沙咀彌敦道/樂道，近地鐵口，兩房商住，小厨,尖沙咀,華源大廈,15000,478,2,1,利基物業代理有限公司,https://i1.28hse.com/2026/07/202607171451312160766_thumb.jpg,https://www.28hse.com/rent/apartment/property-2257553,2026-08-02T21:33:05.478720+00:00
3942845,免上網費、1房獨卫！全新洗衣机/雪櫃,尖沙咀,遠東大廈,8700,695,1,1,世紀21聯動地產,https://i1.28hse.com/2026/07/202607230952471917916_thumb.jpg,https://www.28hse.com/rent/apartment/property-3942845,2026-08-02T21:33:05.478720+00:00
3940190,尖沙咀地鐵站3分鐘直達 大3房大廳 平地電梯 24小時保安,尖沙咀,美麗都大廈,16000,550,3,1,駿輝地產港一有限公司,https://i1.28hse.com/2026/07/202607300533477664203_thumb.jpg,https://www.28hse.com/rent/apartment/property-3940190,2026-08-02T21:33:05.478720+00:00
3916857,"【VR/圖則】歡迎大學生,2房+儲物房,電梯,保安,近理工,尖沙咀/紅磡/佐敦站",尖沙咀,宏富大廈,16500,483,2,1,小村置業有限公司,https://i1.28hse.com/2026/07/202607032350466721092_thumb.jpg,https://www.28hse.com/rent/apartment/property-3916857,2026-08-02T21:33:05.478720+00:00
3939669,《海景2房2廁》✦傢電齊全✦近K11✦靜中帶旺✦近MTR✦配套完善✦,尖沙咀,恆星樓,16800,431,2,2,駿輝地產發展有限公司,https://i1.28hse.com/2026/08/202608011421377580746_thumb.jpg,https://www.28hse.com/rent/apartment/property-3939669,2026-08-02T21:33:05.478720+00:00
3929605,地點極好 維多利亞海旁 時尚潮流 浪漫溫馨 家私電器齊 比美五星級酒店,尖沙咀,遠東大廈,12000,695,1,1,中興地產有限公司,https://i1.28hse.com/2026/07/202607121853264550719_thumb.jpg,https://www.28hse.com/rent/apartment/property-3929605,2026-08-02T21:33:05.478720+00:00
3936237,1房1卫！學生/工作黨宿舍！免上網費！全新洗衣机/雪櫃,尖沙咀,遠東大廈,8800,695,1,1,世紀21聯動地產,https://i1.28hse.com/2026/07/202607171836493687839_thumb.jpg,https://www.28hse.com/rent/apartment/property-3936237,2026-08-02T21:33:05.478720+00:00
3919720,尖沙咀地鐵上蓋平地電梯3房套客飯廳廚廁合家庭學生宿舍,尖沙咀,華源大廈,16800,478,3,4,金國置業,https://i1.28hse.com/2026/07/20260705202130555616_thumb.jpg,https://www.28hse.com/rent/apartment/property-3919720,2026-08-02T21:33:05.478720+00:00
3856537,雅裝2房1廳，有電梯！近佐敦地鐵站！,佐敦,單幢樓房,16800,407,2,1,美豐行物業公司,https://i1.28hse.com/2026/07/202607302025162039796_thumb.jpg,https://www.28hse.com/rent/apartment/property-3856537,2026-08-02T21:33:05.478720+00:00
3930375,近理工大學 靚裝2房 連傢電 有電梯 保安 有匙引看,佐敦,金寶樓,17000,407,2,1,中興地產有限公司,https://i1.28hse.com/2026/08/20260801182608768591_thumb.jpg,https://www.28hse.com/rent/apartment/property-3930375,2026-08-02T21:33:05.478720+00:00
3879841,"【2房1廳特大/ 650呎】租$14800, 閩街5號",佐敦,唐樓,14800,650,2,1,景龍物業代理公司,https://i1.28hse.com/2026/06/202606061851537129036_thumb.jpg,https://www.28hse.com/rent/apartment/property-3879841,2026-08-02T21:33:05.478720+00:00
3957315,地段極佳 華麗實用 自住極品 地鐵站出口 時間就是金錢,佐敦,百誠大廈,16500,468,2,,中興地產有限公司,https://i1.28hse.com/2026/08/202608022337301865582_thumb.jpg,https://www.28hse.com/rent/apartment/property-3957315,2026-08-02T21:33:05.478720+00:00
3957211,地鐵站口 華麗實用 品味之居 陽光燦爛 自住極品 請即比較,佐敦,金寶樓,16500,407,2,1,中興地產有限公司,https://i1.28hse.com/2026/08/202608022031244398867_thumb.jpg,https://www.28hse.com/rent/apartment/property-3957211,2026-08-02T21:33:05.478720+00:00
3940061,靚裝2房，近地鐵站，包全屋傢俬，拎包即住,佐敦,金寶樓,17000,407,2,1,駿輝地產建榮有限公司,https://i1.28hse.com/2026/08/202608021536001713889_thumb.jpg,https://www.28hse.com/rent/apartment/property-3940061,2026-08-02T21:33:05.478720+00:00
3956288,超值大間兩房連儲物室！街窗有匙即睇，快者得,佐敦,文蔚樓,16000,480,2,1,中興地產有限公司,https://i1.28hse.com/2026/08/202608021328061746114_thumb.jpg,https://www.28hse.com/rent/apartment/property-3956288,2026-08-02T21:33:05.478720+00:00
3955725,平地電梯 三房一廳 家電齊全 鄰近佐敦及油麻地站,佐敦,金勳大廈,16500,503,3,1,君皇地產有限公司,https://i1.28hse.com/2026/08/202608012034188607655_thumb.jpg,https://www.28hse.com/rent/apartment/property-3955725,2026-08-02T21:33:05.478720+00:00
3955646,{誠意推介} 乾淨企理 中層開揚 實用2房大廳 近地鐵,佐敦,金寶樓,16800,407,2,1,中興地產有限公司,https://i1.28hse.com/2026/08/202608011935236153479_thumb.jpg,https://www.28hse.com/rent/apartment/property-3955646,2026-08-02T21:33:05.478720+00:00
3932009,佐敦！2房大廳！407尺！2分鐘地鐵！【金寶樓】房大廳大 合家庭客！有電梯,佐敦,,17000,407,2,1,駿輝地產發展有限公司,https://i1.28hse.com/2026/08/202608011808567574543_thumb.jpg,https://www.28hse.com/rent/apartment/property-3932009,2026-08-02T21:33:05.478720+00:00
3955191,精裝2房2廳，間格寬敞，有匙引看,佐敦,金寶樓,17000,407,2,1,金國置業,https://i1.28hse.com/2026/08/20260801161523862336_thumb.jpg,https://www.28hse.com/rent/apartment/property-3955191,2026-08-02T21:33:05.478720+00:00
3954905,核心地段 2房梗廚傢俬 還價即成,佐敦,金寶樓,17000,407,2,1,利嘉閣地產有限公司,https://i1.28hse.com/2026/08/2026080114040350370_thumb.jpg,https://www.28hse.com/rent/apartment/property-3954905,2026-08-02T21:33:05.478720+00:00
3954750,近地鐵站，鄰近九龍公園，旺中帶靜。,佐敦,金寶樓,17000,407,2,1,中興地產有限公司,https://i1.28hse.com/2026/08/202608011243425730231_thumb.jpg,https://www.28hse.com/rent/apartment/property-3954750,2026-08-02T21:33:05.478720+00:00
3954668,高層 實用2房 樓下佐敦站,佐敦,金寶樓,16800,407,2,1,金國置業,https://i1.28hse.com/2026/08/202608011158258810927_thumb.jpg,https://www.28hse.com/rent/apartment/property-3954668,2026-08-02T21:33:05.478720+00:00
3953989,近地鐵實用2房 有匙即睇,佐敦,金寶樓,17000,407,2,1,金國置業,https://i1.28hse.com/2026/07/202607311806186864287_thumb.jpg,https://www.28hse.com/rent/apartment/property-3953989,2026-08-02T21:33:05.478720+00:00
3952850,*秒到地鐵站 實用2房 多窗開揚 連部份傢俬 平地電梯 有匙即睇*,佐敦,金寶樓,17000,407,2,1,廣信地產顧問有限公司,https://i1.28hse.com/2026/07/202607302009563025233_thumb.jpg,https://www.28hse.com/rent/apartment/property-3952850,2026-08-02T21:33:05.478720+00:00
3952759,10秒鐘到地鐵站方兩房全屋傢俬,佐敦,金寶樓,17000,407,2,1,世紀21中華-佐敦,https://i1.28hse.com/2026/07/202607301901312981330_thumb.jpg,https://www.28hse.com/rent/apartment/property-3952759,2026-08-02T21:33:05.478720+00:00
3926780,▷高層雅裝𝟮房 光猛多窗◁【金寶樓】3分鐘到佐敦站 近九龍公園,佐敦,金寶樓,17000,407,2,1,駿輝地產專業有限公司,https://i1.28hse.com/2026/07/202607301900287885650_thumb.jpg,https://www.28hse.com/rent/apartment/property-3926780,2026-08-02T21:33:05.478720+00:00
3924558,三房兩廳 齊家電 拎包入住 廁所乾濕分離 近地鐵站近港理 歡迎學生,佐敦,金勳大廈,16500,503,3,1,君皇地產有限公司,https://i1.28hse.com/2026/07/202607302330424970886_thumb.jpg,https://www.28hse.com/rent/apartment/property-3924558,2026-08-02T21:33:05.478720+00:00
3944273,{誠意推介} 乾淨企理 中層開揚 實用2房大廳 近地鐵,佐敦,金寶樓,16800,407,2,1,中興地產有限公司,https://i1.28hse.com/2026/08/20260801122403603163_thumb.jpg,https://www.28hse.com/rent/apartment/property-3944273,2026-08-02T21:33:05.478720+00:00
3946853,地點極佳 閙巿中世外桃源 自住極品 萬勿錯過,佐敦,煒亨大廈,14800,452,2,,中興地產有限公司,https://i1.28hse.com/2026/07/20260726162217932629_thumb.jpg,https://www.28hse.com/rent/apartment/property-3946853,2026-08-02T21:33:05.478720+00:00
3950318,平地電梯 三房一廳 家具齊全 歡迎學生 近佐敦油麻地站,佐敦,金勳大廈,16500,503,3,1,君皇地產有限公司,https://i1.28hse.com/2026/07/202607282123075951299_thumb.jpg,https://www.28hse.com/rent/apartment/property-3950318,2026-08-02T21:33:05.478720+00:00
3926725,▷高層雅裝𝟮房 光猛多窗◁【金寶樓】3分鐘到佐敦站 近九龍公園,佐敦,金寶樓,17000,407,2,1,駿輝地產專業有限公司,https://i1.28hse.com/2026/07/202607231559151095700_thumb.jpg,https://www.28hse.com/rent/apartment/property-3926725,2026-08-02T21:33:05.478720+00:00
3930732,[百誠大廈] 2房 企理實用 樓下佐敦MTR,佐敦,百誠大廈,16500,468,2,1,順景置業(香港)有限公司,https://i1.28hse.com/2026/08/202608011733154346806_thumb.jpg,https://www.28hse.com/rent/apartment/property-3930732,2026-08-02T21:33:05.478720+00:00
3922122,[金寶樓] 2房 企理實用 2mins到佐敦MTR,佐敦,金寶樓,17000,407,2,1,順景置業(香港)有限公司,https://i1.28hse.com/2026/07/202607311847295250026_thumb.jpg,https://www.28hse.com/rent/apartment/property-3922122,2026-08-02T21:33:05.478720+00:00
3923618,大兩房！高性價比、可做員工宿舍、平地電梯,佐敦,儉德大廈,15000,611,2,1,駿輝地產旺角有限公司,https://i1.28hse.com/2026/07/202607081652372178898_thumb.jpg,https://www.28hse.com/rent/apartment/property-3923618,2026-08-02T21:33:05.478720+00:00
3941782,罕有平地電梯光猛清淨1房合1-2個人住獨立電錶,佐敦,文英樓,8700,850,1,1,金城堡地產,https://i1.28hse.com/2026/07/202607221355102302769_thumb.jpg,https://www.28hse.com/rent/apartment/property-3941782,2026-08-02T21:33:05.478720+00:00
3921034,佐敦近地鐵豪華裝修齊家電拎包入住超大studio,佐敦,鴻運大樓,8800,586,1,1,駿輝地產國際有限公司,https://i1.28hse.com/2026/07/202607212028033536009_thumb.jpg,https://www.28hse.com/rent/apartment/property-3921034,2026-08-02T21:33:05.478720+00:00
3916540,Video有匙罕有3房連露台靚裝 平地電梯 近地鐵 乾濕分離 煤氣煮食沖涼,佐敦,金勳大廈,17000,471,3,1,世紀21廣發,/assets/img/loadingphoto170_125.jpg,https://www.28hse.com/rent/apartment/property-3916540,2026-08-02T21:33:05.478720+00:00
3938224,超大一房一廳！獨立門口！明火煮食！有匙,佐敦,文蔚樓,9000,620,1,1,中興地產有限公司,https://i1.28hse.com/2026/07/202607191253177310857_thumb.jpg,https://www.28hse.com/rent/apartment/property-3938224,2026-08-02T21:33:05.478720+00:00
3931706,3房1廳 高層 市中心 3分鐘到佐敦地鐵站,佐敦,金勳大廈,17000,471,3,1,中興地產有限公司,https://i1.28hse.com/2026/07/202607141536107380871_thumb.jpg,https://www.28hse.com/rent/apartment/property-3931706,2026-08-02T21:33:05.478720+00:00
3936795,"【VR/圖則】2房,全新裝修,全棟翻新大廈,平地電梯,保安,佐敦/柯士甸站",佐敦,炮台街2-8號,14800,410,2,1,小村置業有限公司,https://i1.28hse.com/2026/07/202607181139378185661_thumb.jpg,https://www.28hse.com/rent/apartment/property-3936795,2026-08-02T21:33:05.478720+00:00
3891741,筍盤即走，佐敦勁靚1房，光線極好，鄰近地鐵站,佐敦,寶輝閣,16500,515,1,1,駿輝地產建榮有限公司,https://i1.28hse.com/2026/07/202607130233034017850_thumb.jpg,https://www.28hse.com/rent/apartment/property-3891741,2026-08-02T21:33:05.478720+00:00
3923946,超抵，雅裝2房2廳，景觀開揚，不可養狗，不接受包租或宿舍,佐敦,炮台街2-8號,14500,410,2,1,金國置業,https://i1.28hse.com/2026/07/202607281850377081392_thumb.jpg,https://www.28hse.com/rent/apartment/property-3923946,2026-08-02T21:33:05.478720+00:00
3842495,有匙引看，拎包入住,佐敦,文苑樓,8500,565,1,1,景鴻地產,https://i1.28hse.com/2026/05/202605101116543608072_thumb.jpg,https://www.28hse.com/rent/apartment/property-3842495,2026-08-02T21:33:05.478720+00:00
3930982,一房一廳！大大空間感！超新淨企理！開揚靚景！,佐敦,寶輝閣,16500,515,1,1,駿輝地產旺角有限公司,https://i1.28hse.com/2026/07/202607132050084523725_thumb.jpg,https://www.28hse.com/rent/apartment/property-3930982,2026-08-02T21:33:05.478720+00:00
3928092,2 房 2 廳 佐敦高跌站,佐敦,煒亨大廈,15000,452,2,1,喜居物業(旺角舖),https://i1.28hse.com/2026/07/202607111607077533764_thumb.jpg,https://www.28hse.com/rent/apartment/property-3928092,2026-08-02T21:33:05.478720+00:00
3924239,二房靚裝，市區首選，交通方便！,佐敦,金寶樓,17000,407,2,1,中興地產有限公司,https://i1.28hse.com/2026/07/202607311644336748473_thumb.jpg,https://www.28hse.com/rent/apartment/property-3924239,2026-08-02T21:33:05.478720+00:00
3915849,佐敦地鐵站旁邊一房一廳。統一業主管理一流,佐敦,寶輝閣,16500,515,1,1,駿輝地產港一有限公司,https://i1.28hse.com/2026/07/202607051540377847926_thumb.jpg,https://www.28hse.com/rent/apartment/property-3915849,2026-08-02T21:33:05.478720+00:00
3923389,佐敦文苑樓 一房一廳,佐敦,文苑樓,11000,665,1,1,駿輝地產建榮有限公司,https://i1.28hse.com/2026/07/202607081531443330357_thumb.jpg,https://www.28hse.com/rent/apartment/property-3923389,2026-08-02T21:33:05.478720+00:00
3923327,開揚2房 鄰近MTR 髙鐵站 有key 即約即看,佐敦,金寶樓,16800,480,2,1,中興地產有限公司,https://i1.28hse.com/2026/07/20260729000324239510_thumb.jpg,https://www.28hse.com/rent/apartment/property-3923327,2026-08-02T21:33:05.478720+00:00
1723016,彌敦道實用洋楼498尺租16000,油麻地,僑江大廈,16000,498,1,1,家田物業代理公司,https://i1.28hse.com/2026/07/202607251153321654061_thumb.jpg,https://www.28hse.com/rent/apartment/property-1723016,2026-08-02T21:33:05.478720+00:00
3929851,𓀠大廳大房✦好好住✦開揚通風光猛多窗✦平地電梯✦秒到地鐵✦近商場✦歡迎學生✦,油麻地,寶寧大廈,15500,470,2,1,駿輝地產國際有限公司,https://i1.28hse.com/2026/07/202607130243111499224_thumb.jpg,https://www.28hse.com/rent/apartment/property-3929851,2026-08-02T21:33:05.478720+00:00
3820233,地鐵上蓋可商住兩用大房大廳,油麻地,寶寧大廈,15000,470,2,1,大興地產代理有限公司,https://i1.28hse.com/2026/05/202605071503421155848_thumb.jpg,https://www.28hse.com/rent/apartment/property-3820233,2026-08-02T21:33:05.478720+00:00
3925369,一房一廳，一梯二伙，獨立單位，電梯,油麻地,東安閣,10800,650,1,1,大同地產,https://i1.28hse.com/2026/08/202608021553432303504_thumb.jpg,https://www.28hse.com/rent/apartment/property-3925369,2026-08-02T21:33:05.478720+00:00
3923908,兩房巨廳！秒到地鐵、平地電梯、學生合租舒適首選,油麻地,寶寧大廈,15300,470,2,1,駿輝地產旺角有限公司,https://i1.28hse.com/2026/07/202607141531192036057_thumb.jpg,https://www.28hse.com/rent/apartment/property-3923908,2026-08-02T21:33:05.478720+00:00
3862481,22/7 近駿發花園 唐樓 4/F 610呎 2房 可宿舍,油麻地,唐樓,13900,610,2,1,駿輝地產投資有限公司,https://i1.28hse.com/2026/07/202607201720052420414_thumb.jpg,https://www.28hse.com/rent/apartment/property-3862481,2026-08-02T21:33:05.478720+00:00
3777505,查詢有影片油麻地站上蓋出入方便平地電梯合中醫大大件兩房筍租,油麻地,寶寧大廈,16000,470,2,1,駿輝地產有限公司,https://i1.28hse.com/2026/04/202604011552594271304_thumb.jpg,https://www.28hse.com/rent/apartment/property-3777505,2026-08-02T21:33:05.478720+00:00
3825452,油麻地A1站頂【中高層2房，商住兩用】多窗開揚,油麻地,寶寧大廈,15000,470,2,1,三月地產,https://i1.28hse.com/2026/06/202606191613518829488_thumb.jpg,https://www.28hse.com/rent/apartment/property-3825452,2026-08-02T21:33:05.478720+00:00
3877264,獨家代理 梁小姐 高層二房 裝修 油油 歡迎約睇,油麻地,文豪閣,16000,437,2,1,駿發地產有限公司,https://i1.28hse.com/2026/07/202607042256395006030_thumb.jpg,https://www.28hse.com/rent/apartment/property-3877264,2026-08-02T21:33:05.478720+00:00
3931834,【油麻地黃金地段超實用 470 呎兩房 獨立廚房、高層單邊日光、極寬敞大客廳】,油麻地,寶寧大廈,15500,470,2,1,駿輝地產旺角有限公司,https://i1.28hse.com/2026/07/202607141628244513662_thumb.jpg,https://www.28hse.com/rent/apartment/property-3931834,2026-08-02T21:33:05.478720+00:00
3925807,大兩房，唐樓4/F，冇電梯,油麻地,新填地街171號,15000,610,2,1,駿輝地產投資有限公司,https://i1.28hse.com/2026/07/202607100126026106599_thumb.jpg,https://www.28hse.com/rent/apartment/property-3925807,2026-08-02T21:33:05.478720+00:00
3955389,有電梯 保安 兩房大廳 合家庭客 旺角站對面,旺角,百寶大廈,15500,435,2,1,君皇地產有限公司,https://i1.28hse.com/2026/08/202608011744513079301_thumb.jpg,https://www.28hse.com/rent/apartment/property-3955389,2026-08-02T21:33:05.478720+00:00
3915343,近朗豪坊 活化唐樓 4樓單位多窗 適合小家庭及年輕在職人士 傢俬另議 業主盤免佣,旺角,唐樓,13000,429,2,1,,https://i1.28hse.com/2026/07/202607031146486384492_thumb.jpg,https://www.28hse.com/rent/apartment/property-3915343,2026-08-02T21:33:05.478720+00:00
3954444,近旺角東站 高層電梯 兩房巨廳,旺角,百寶大廈,15500,435,2,1,君皇地產有限公司,https://i1.28hse.com/2026/08/202608011718568165271_thumb.jpg,https://www.28hse.com/rent/apartment/property-3954444,2026-08-02T21:33:05.478720+00:00
3908097,有平地電梯，獨立大2房2廳 可以換水電名字，企理乾淨，可即看即租,旺角,藝興大廈,17000,638,2,1,穌壕地產,https://i1.28hse.com/2026/07/202607201626195120489_thumb.jpg,https://www.28hse.com/rent/apartment/property-3908097,2026-08-02T21:33:05.478720+00:00
3927412,獨家代理 唐六樓 地鐵上蓋 三房廳,旺角,,14500,622,3,1,富旺地產代理有限公司,https://i1.28hse.com/2026/07/202607111000575727091_thumb.jpg,https://www.28hse.com/rent/apartment/property-3927412,2026-08-02T21:33:05.478720+00:00
3763076,"旺角附近實用3房1龐,乾濕分離",旺角,恒通大廈,13800,475,3,1,龍鳳地產-富多來商場,https://i1.28hse.com/2026/06/2026060616114762285_thumb.jpg,https://www.28hse.com/rent/apartment/property-3763076,2026-08-02T21:33:05.478720+00:00
3957196,旺角近地鐵 雅装大一房帶傢電 筍,旺角,黃金大廈,15900,420,1,1,富旺地產代理有限公司,https://i1.28hse.com/2026/08/202608022015545077542_thumb.jpg,https://www.28hse.com/rent/apartment/property-3957196,2026-08-02T21:33:05.478720+00:00
3932789,【 黃金大廈】核心地點 交通方便 實用二房 型格設計 乾淨企理 歡迎約睇,旺角,黃金大廈,16000,420,1,1,駿輝地產安業有限公司,https://i1.28hse.com/2026/08/202608021859166897134_thumb.jpg,https://www.28hse.com/rent/apartment/property-3932789,2026-08-02T21:33:05.478720+00:00
3940080,靚裝兩房，特大客廳，包電器，乾濕分離,旺角,百寶大廈,15500,435,2,1,駿輝地產建榮有限公司,https://i1.28hse.com/2026/08/202608011633215449358_thumb.jpg,https://www.28hse.com/rent/apartment/property-3940080,2026-08-02T21:33:05.478720+00:00
3954240,旺角東兩房一廳 鳳凰層光猛開揚 廁所乾濕分離 近地鐵 旺角東落嚟1分鐘 歡迎約睇,旺角,百寶大廈,15500,435,2,1,君皇地產有限公司,https://i1.28hse.com/2026/08/202608020039166868242_thumb.jpg,https://www.28hse.com/rent/apartment/property-3954240,2026-08-02T21:33:05.478720+00:00
3955748,【百寶大廈】交通方便 實用兩房 高層開揚 合家庭客 歡迎學生 立即約睇,旺角,百寶大廈,15500,435,2,1,駿輝地產安業有限公司,https://i1.28hse.com/2026/08/202608012057081415567_thumb.jpg,https://www.28hse.com/rent/apartment/property-3955748,2026-08-02T21:33:05.478720+00:00
3955607,"*近旺角東站 高層兩房 巨廳大房 連雪櫃, 洗衣機 平地電梯 歡迎約睇*",旺角,百寶大廈,15500,435,2,1,廣信地產顧問有限公司,https://i1.28hse.com/2026/08/202608011915571151853_thumb.jpg,https://www.28hse.com/rent/apartment/property-3955607,2026-08-02T21:33:05.478720+00:00
3130092,1分鐘旺角地鐵站，可以租學生,旺角,雅佳樓,15000,400,2,,明威置業,https://i1.28hse.com/2024/08/202408031247145082289_thumb.jpg,https://www.28hse.com/rent/apartment/property-3130092,2026-08-02T21:33:05.478720+00:00
3955438,全屋靚裝，鄰近地鐵站，衣食住行樣樣齊，歡迎約睇,旺角,黃金大廈,15900,420,1,1,八達地產代理有限公司,https://i1.28hse.com/2026/08/202608011802058551608_thumb.jpg,https://www.28hse.com/rent/apartment/property-3955438,2026-08-02T21:33:05.478720+00:00
3943397,1分鐘到地鐵//重本裝修//乾濕分離//巨廳//有大量傢俬家電配套//激罕靚裝,旺角,黃金大廈,16000,420,1,1,駿輝地產投資有限公司,https://i1.28hse.com/2026/08/202608010220526126590_thumb.jpg,https://www.28hse.com/rent/apartment/property-3943397,2026-08-02T21:33:05.478720+00:00
3955409,有匙即睇 兩房一廳 近旺角東站旺角站 求好客,旺角,百寶大廈,15500,435,2,1,君皇地產有限公司,https://i1.28hse.com/2026/08/202608011750203089040_thumb.jpg,https://www.28hse.com/rent/apartment/property-3955409,2026-08-02T21:33:05.478720+00:00
3955276,大兩房，交通方便，生活配套齊全。,旺角,百寶大廈,15500,435,2,1,駿輝地產建榮有限公司,https://i1.28hse.com/2026/08/202608011658185530064_thumb.jpg,https://www.28hse.com/rent/apartment/property-3955276,2026-08-02T21:33:05.478720+00:00
3955216,近旺角東站近地鐵 2房大廳 高層電梯,旺角,百寶大廈,15500,435,2,1,沙龍地產,https://i1.28hse.com/2026/08/202608011629282193068_thumb.jpg,https://www.28hse.com/rent/apartment/property-3955216,2026-08-02T21:33:05.478720+00:00
3955182,筍租 475呎 兩房半 乾濕分離 大大間 四通八達 求好客,旺角,恒通大廈,13800,475,2,1,龍鳳地產-大全街分行,https://i1.28hse.com/2026/08/202608011611464202164_thumb.jpg,https://www.28hse.com/rent/apartment/property-3955182,2026-08-02T21:33:05.478720+00:00
3955114,近太子Moko，兩房，巨大客廳，近地鐵,旺角,百寶大廈,15500,435,2,1,富榮地產代理,https://i1.28hse.com/2026/08/20260801154638498000_thumb.jpg,https://www.28hse.com/rent/apartment/property-3955114,2026-08-02T21:33:05.478720+00:00
3934404,3房 旺角中層 地鉄行3分鐘,旺角,大安大廈,16000,452,3,1,泰安地產,https://i1.28hse.com/2026/08/202608011214453897957_thumb.jpg,https://www.28hse.com/rent/apartment/property-3934404,2026-08-02T21:33:05.478720+00:00
3954459,靚裝修，交通方便，生活配套齊全。,旺角,黃金大廈,15900,420,1,1,駿輝地產建榮有限公司,https://i1.28hse.com/2026/08/202608010122581292435_thumb.jpg,https://www.28hse.com/rent/apartment/property-3954459,2026-08-02T21:33:05.478720+00:00
3925783,"《✿獨立單位✿》近地鐵站,唐樓雅裝三房兩廳單位",旺角,唐樓,13000,515,3,1,堅旺地產有限公司,https://i1.28hse.com/2026/07/20260724022814264615_thumb.jpg,https://www.28hse.com/rent/apartment/property-3925783,2026-08-02T21:33:05.478720+00:00
3953292,油尖旺區罕有平價三房，家電全齊，拎包入住，歡迎學生， 1分鐘到旺角地鐵站及旺角東,旺角,大安大廈,16000,452,3,1,泰安地產,https://i1.28hse.com/2026/07/202607311314267726211_thumb.jpg,https://www.28hse.com/rent/apartment/property-3953292,2026-08-02T21:33:05.478720+00:00
3864001,開揚多窗，實用平租,旺角,新江大樓,16000,415,1,1,大同地產發展有限公司,https://i1.28hse.com/2026/07/202607152335463508391_thumb.jpg,https://www.28hse.com/rent/apartment/property-3864001,2026-08-02T21:33:05.478720+00:00
3924617,"平租,2分鐘到旺角地鐵,中層3房有裝修,傢俬電器齊,歡迎學生租,有匙即睇,快者得",旺角,大安大廈,16000,452,3,1,富榮地產代理,https://i1.28hse.com/2026/07/20260730125429164851_thumb.jpg,https://www.28hse.com/rent/apartment/property-3924617,2026-08-02T21:33:05.478720+00:00
3935912,"近地鐵, 可宿舍",旺角,唐樓,10000,586,2,1,鉅泰地產,https://i1.28hse.com/2026/07/202607291634208935742_thumb.jpg,https://www.28hse.com/rent/apartment/property-3935912,2026-08-02T21:33:05.478720+00:00
3951354,旺角核心區 2房雅裝 衣食住行一應俱全 交通便利,旺角,得寶大廈,16000,407,2,,鴻發地產物業,https://i1.28hse.com/2026/07/202607291823381027478_thumb.jpg,https://www.28hse.com/rent/apartment/property-3951354,2026-08-02T21:33:05.478720+00:00
3782429,唐樓高層 大三房巨廳 舒適空間 鄰近地鐵站 交通方便,旺角,西洋菜南街154-158號,15000,490,3,1,富榮地產代理,https://i1.28hse.com/2026/03/20260322230023727391_thumb.jpg,https://www.28hse.com/rent/apartment/property-3782429,2026-08-02T21:33:05.478720+00:00
3950283,￼旺角2房大廳！開揚遠景 面積實用環境舒適 旺中帶靜 連雪櫃和洗衣機 歡迎約睇,旺角,藝興大廈,17000,638,2,1,廣信地產顧問有限公司,https://i1.28hse.com/2026/07/202607282037261592778_thumb.jpg,https://www.28hse.com/rent/apartment/property-3950283,2026-08-02T21:33:05.478720+00:00
3949360,"鄰近旺角站頂層三房一廳,翻新裝修,曲尺單邊,廚廁分開,洗衣機位,樓下有保安",旺角,恒通大廈,14300,475,3,1,廸昌地產代理,https://i1.28hse.com/2026/07/202607281312004766148_thumb.jpg,https://www.28hse.com/rent/apartment/property-3949360,2026-08-02T21:33:05.478720+00:00
3949078,《有片》旺角 平價2房,旺角,華懋王子大廈,11500,410,2,1,駿輝地產建榮有限公司,https://i1.28hse.com/2026/07/202607280015212828924_thumb.jpg,https://www.28hse.com/rent/apartment/property-3949078,2026-08-02T21:33:05.478720+00:00
3948683,《位置方便》近朗豪坊✦近MTR✦間隔分明✦舒適雅裝✦,旺角,,12800,429,2,1,駿輝地產發展有限公司,https://i1.28hse.com/2026/07/20260727173544894687_thumb.jpg,https://www.28hse.com/rent/apartment/property-3948683,2026-08-02T21:33:05.478720+00:00
3947964,旺角上海街2/F唐三樓，3房1廳2廁，可改4房，新裝修，樓梯干淨企理,旺角,唐樓,16800,600,3,2,通達物業顧問有限公司,https://i1.28hse.com/2026/07/202607271126042676463_thumb.jpg,https://www.28hse.com/rent/apartment/property-3947964,2026-08-02T21:33:05.478720+00:00
3946745,~~ 企理大兩房，同區多間約睇 ~~,旺角,源發大廈,14500,412,2,1,廣信地產顧問有限公司,https://i1.28hse.com/2026/07/202607251928537883161_thumb.jpg,https://www.28hse.com/rent/apartment/property-3946745,2026-08-02T21:33:05.478720+00:00
3930291,雅裝3房，連傢電，平地電梯,旺角,鴻光大廈,17000,412,3,1,金國置業,https://i1.28hse.com/2026/07/202607291334598127935_thumb.jpg,https://www.28hse.com/rent/apartment/property-3930291,2026-08-02T21:33:05.478720+00:00
3940187,3分鐘直達旺角地鐵站 ，大一房大廳 24小時保安 有匙即看,旺角,黃金大廈,16000,420,1,1,駿輝地產港一有限公司,https://i1.28hse.com/2026/07/202607311839536465662_thumb.jpg,https://www.28hse.com/rent/apartment/property-3940187,2026-08-02T21:33:05.478720+00:00
3939455,［翠園大樓］3房1廳 連傢俬,旺角,翠園大樓,16800,427,3,,明威置業,https://i1.28hse.com/2026/07/202607201406453553576_thumb.jpg,https://www.28hse.com/rent/apartment/property-3939455,2026-08-02T21:33:05.478720+00:00
3861077,地铁D出口，2房,旺角,利群大廈,16800,535,2,1,中聯集團,https://i1.28hse.com/2026/06/202606151737398576023_thumb.jpg,https://www.28hse.com/rent/apartment/property-3861077,2026-08-02T21:33:05.478720+00:00
3935464,近旺角地鐵站。 樓下巴士站 交通方便 罕有二房,旺角,利群大廈,16500,535,3,1,富榮地產代理,https://i1.28hse.com/2026/07/202607311208585356815_thumb.jpg,https://www.28hse.com/rent/apartment/property-3935464,2026-08-02T21:33:05.478720+00:00
3926029,太子名廈。單位實用 四正企理2房,旺角,東海大廈,16300,496,2,1,富榮地產代理,https://i1.28hse.com/2026/07/202607101208151767228_thumb.jpg,https://www.28hse.com/rent/apartment/property-3926029,2026-08-02T21:33:05.478720+00:00
3767672,"****新裝修, 獨家代理有匙 ! ***",旺角,利群大廈,17000,582,3,1,雅景物業有限公司,https://i1.28hse.com/2026/03/20260311115004988642_thumb.jpg,https://www.28hse.com/rent/apartment/property-3767672,2026-08-02T21:33:05.478720+00:00
3876678,罕有放盤指定代理@ 歡迎學生 家庭客 近太子站 2房乾濕分離 平地電梯,旺角,百寶大廈,15500,435,2,1,世紀21廣發,https://i1.28hse.com/2026/08/202608011722458371998_thumb.jpg,https://www.28hse.com/rent/apartment/property-3876678,2026-08-02T21:33:05.478720+00:00
3782869,"全城最靚仔,50萬豪裝,7分鐘太子站,旺中帶靜",旺角,荔塘大廈,15800,429,2,1,富榮地產代理,https://i1.28hse.com/2026/03/202603301230446757922_thumb.jpg,https://www.28hse.com/rent/apartment/property-3782869,2026-08-02T21:33:05.478720+00:00
3919311,旺角波鞋街。交通方便 近地鐵站,旺角,唐樓,13500,410,2,1,富榮地產代理,https://i1.28hse.com/2026/07/202607051646062034050_thumb.jpg,https://www.28hse.com/rent/apartment/property-3919311,2026-08-02T21:33:05.478720+00:00
3928970,"新放,太子站靚裝,業主易溝通,歡迎學生,條件可傾",太子,寶興大樓,16800,405,2,1,富榮地產代理,https://i1.28hse.com/2026/07/20260727185905617888_thumb.jpg,https://www.28hse.com/rent/apartment/property-3928970,2026-08-02T21:33:05.478720+00:00
3946960,太子分租大房，业主直租,太子,寶興大樓,9800,405,2,1,,https://i1.28hse.com/2026/07/202607261235086086192_thumb.jpg,https://www.28hse.com/rent/apartment/property-3946960,2026-08-02T21:33:05.478720+00:00
3943985,"全新裝修，梗廚,兩大房",太子,利泰大樓,16800,413,2,1,富榮地產代理,https://i1.28hse.com/2026/07/202607231914241007414_thumb.jpg,https://www.28hse.com/rent/apartment/property-3943985,2026-08-02T21:33:05.478720+00:00
3936655,兩房一廳 大大間 求好客 近太子站 即約即睇,太子,利泰大樓,16800,407,2,1,君皇地產有限公司,https://i1.28hse.com/2026/07/202607300134324575896_thumb.jpg,https://www.28hse.com/rent/apartment/property-3936655,2026-08-02T21:33:05.478720+00:00
3934676,"新放,獨家,7分鐘太子站,60萬裝修,非常罕有",太子,恒滿樓,16800,407,2,1,富榮地產代理,https://i1.28hse.com/2026/07/202607271909026052094_thumb.jpg,https://www.28hse.com/rent/apartment/property-3934676,2026-08-02T21:33:05.478720+00:00
3890910,［利泰大廈］兩大房大廳，梗廚，乾濕分離，已翻新，3分鐘到地鐵卜。,太子,利泰大樓,16800,407,2,1,鴻利物業代理有限公司,https://i1.28hse.com/2026/06/202606141452443703708_thumb.jpg,https://www.28hse.com/rent/apartment/property-3890910,2026-08-02T21:33:05.478720+00:00
3940234,太子萬安大廈三房一廳租14300,太子,單幢樓房,14300,420,3,1,旗昌地產公司,https://i1.28hse.com/2026/07/202607211003471089434_thumb.jpg,https://www.28hse.com/rent/apartment/property-3940234,2026-08-02T21:33:05.478720+00:00
3930951,唐5樓！家庭客優先！三房一廳！大廳大房！新淨企理！,太子,歡樂樓,12000,580,3,1,駿輝地產旺角有限公司,https://i1.28hse.com/2026/07/20260724005832436283_thumb.jpg,https://www.28hse.com/rent/apartment/property-3930951,2026-08-02T21:33:05.478720+00:00
3930954,全新靚盤！兩房一廳！空間感十足！,太子,利泰大樓,16800,407,2,,駿輝地產旺角有限公司,https://i1.28hse.com/2026/07/202607132011016098962_thumb.jpg,https://www.28hse.com/rent/apartment/property-3930954,2026-08-02T21:33:05.478720+00:00
3954614,(｡ì _ í｡)超大間407呎！兩房一廳【利泰大樓】太子道西！靚仔裝修！約睇！,太子,利泰大樓,16500,407,2,1,駿輝地產旺角有限公司,https://i1.28hse.com/2026/08/202608011127336215066_thumb.jpg,https://www.28hse.com/rent/apartment/property-3954614,2026-08-02T21:33:05.478720+00:00
3890107,巨廳！新裝修兩房、高層、24小時保安,太子,利泰大樓,16800,407,2,1,駿輝地產旺角有限公司,https://i1.28hse.com/2026/06/202606211746293420473_thumb.jpg,https://www.28hse.com/rent/apartment/property-3890107,2026-08-02T21:33:05.478720+00:00
3911885,（獨家）中層唐樓大單位 鄰近兩鐵路站 位置寧靜 有街閘,太子,單幢樓房,13800,650,2,1,鴻發地產物業,https://i1.28hse.com/2026/07/202607101624267126564_thumb.jpg,https://www.28hse.com/rent/apartment/property-3911885,2026-08-02T21:33:05.478720+00:00
3931562,"【VR/圖則,行6層樓梯】歡迎大學生,2房,連床、櫃,翻新裝修,太子/旺角東站",太子,花園街175-177號,12000,459,2,1,小村置業有限公司,https://i1.28hse.com/2026/07/202607141437471689863_thumb.jpg,https://www.28hse.com/rent/apartment/property-3931562,2026-08-02T21:33:05.478720+00:00
3951640,"*太子站*新裝修高層兩房大廳*寧靜方便,梗廚,乾明廁,兩部新電梯",太子,利泰大樓,16800,407,2,1,晉聯地產(太子),https://i1.28hse.com/2026/07/202607292252468269337_thumb.jpg,https://www.28hse.com/rent/apartment/property-3951640,2026-08-02T21:33:05.478720+00:00
3950872,兩大房，交通方便，生活配套齊全。,太子,寶興大廈,16800,405,2,1,駿輝地產建榮有限公司,https://i1.28hse.com/2026/07/202607291457388055599_thumb.jpg,https://www.28hse.com/rent/apartment/property-3950872,2026-08-02T21:33:05.478720+00:00
3940659,旺角電梯獨立兩房 乾淨企理,太子,利泰大樓,16800,407,2,1,駿輝地產皓譽有限公司,https://i1.28hse.com/2026/07/202607221924233038583_thumb.jpg,https://www.28hse.com/rent/apartment/property-3940659,2026-08-02T21:33:05.478720+00:00
3950168,家庭客首選！24小時保安、大廳大房，求好租客,太子,歡樂樓,12000,480,3,1,駿輝地產旺角有限公司,https://i1.28hse.com/2026/07/202607281911042752735_thumb.jpg,https://www.28hse.com/rent/apartment/property-3950168,2026-08-02T21:33:05.478720+00:00
3919412,"太子A出口行2分鐘, 大大間，唐8F樓, 沒有電梯 ，有天台用",太子,金華大樓,9800,500,2,1,勝達地產,https://i1.28hse.com/2026/07/202607051727318111664_thumb.jpg,https://www.28hse.com/rent/apartment/property-3919412,2026-08-02T21:33:05.478720+00:00
3948644,查詢本人有影片太子超罕有皇崗巴士站樓下24小時保安行3層靚仔3房快走筍租,太子,歡樂樓,12000,443,3,1,駿輝地產有限公司,https://i1.28hse.com/2026/07/202607271721001695476_thumb.jpg,https://www.28hse.com/rent/apartment/property-3948644,2026-08-02T21:33:05.478720+00:00
3928062,獨家2房1套【大大間電梯洋樓】3分鐘太子站,太子,福民樓,16000,626,2,2,三月地產,https://i1.28hse.com/2026/07/202607111551455805011_thumb.jpg,https://www.28hse.com/rent/apartment/property-3928062,2026-08-02T21:33:05.478720+00:00
3948452,【近地鐵太子站】3房超筍租,太子,歡樂樓,12000,443,3,1,喜居物業(旺角舖),https://i1.28hse.com/2026/07/202607271611198530761_thumb.jpg,https://www.28hse.com/rent/apartment/property-3948452,2026-08-02T21:33:05.478720+00:00
3948126,"兩房簡潔企理,非平地電梯",太子,利泰大樓,16800,407,2,1,晉聯地產(太子),https://i1.28hse.com/2026/07/202607271335008991228_thumb.jpg,https://www.28hse.com/rent/apartment/property-3948126,2026-08-02T21:33:05.478720+00:00
2770837,2房大廳 ，電梯，快約睇!,太子,華寶大廈,16000,411,2,1,兆傲物業顧問有限公司,https://i1.28hse.com/2026/08/202608011152292508962_thumb.jpg,https://www.28hse.com/rent/apartment/property-2770837,2026-08-02T21:33:05.478720+00:00
3947075,太子高質兩房 約睇,太子,利泰大樓,16800,407,2,1,駿輝地產投資有限公司,https://i1.28hse.com/2026/07/202607261505194295399_thumb.jpg,https://www.28hse.com/rent/apartment/property-3947075,2026-08-02T21:33:05.478720+00:00
3945557,~~ 相熟業主，睇岩再傾 ~~,太子,歡樂樓,12000,443,3,1,廣信地產顧問有限公司,https://i1.28hse.com/2026/07/202607242045467771521_thumb.jpg,https://www.28hse.com/rent/apartment/property-3945557,2026-08-02T21:33:05.478720+00:00
3926388,"[實盤] [交吉盤]大2房,有裝修,家庭客至愛,歡迎查詢",太子,頌賢花園,16000,445,2,1,喜居物業(宇宙商場),https://i1.28hse.com/2026/07/202607261715488573245_thumb.jpg,https://www.28hse.com/rent/apartment/property-3926388,2026-08-02T21:33:05.478720+00:00
3933154,**有影片!!【利泰大樓】全屋靚裝 精緻裝修 機會難得 一迅即逝!!,太子,利泰大樓,16800,407,2,1,駿輝地產投資有限公司,https://i1.28hse.com/2026/07/202607151651247619058_thumb.jpg,https://www.28hse.com/rent/apartment/property-3933154,2026-08-02T21:33:05.478720+00:00
3921731,"旺角｜金荔閣 1房2衛｜連平台｜可貓狗｜全屋傢電｜$13,800",太子,金荔閣,13800,480,1,2,駿輝地產旺角有限公司,https://i1.28hse.com/2026/07/202607111220437659826_thumb.jpg,https://www.28hse.com/rent/apartment/property-3921731,2026-08-02T21:33:05.478720+00:00
3942271,✧✧2大房大廳 靚圖積 歡迎睇樓 還價即成✧✧,太子,頌賢花園,16000,445,2,,千億物業 太子分行,https://i1.28hse.com/2026/07/202607221721285244812_thumb.jpg,https://www.28hse.com/rent/apartment/property-3942271,2026-08-02T21:33:05.478720+00:00
3921043,查詢有影片太子超罕有大大件低層樓下應有盡有交通方便靚仔兩房筍租,太子,南苑大廈,17000,463,2,1,駿輝地產有限公司,https://i1.28hse.com/2026/07/202607141653584713735_thumb.jpg,https://www.28hse.com/rent/apartment/property-3921043,2026-08-02T21:33:05.478720+00:00
3941594,"【VR/圖則】3房,全新裝修,24小時保安,太子站出口,直通巴站,屋苑管理",太子,歡樂樓,12000,443,3,1,小村置業有限公司,https://i1.28hse.com/2026/07/202607221132546950437_thumb.jpg,https://www.28hse.com/rent/apartment/property-3941594,2026-08-02T21:33:05.478720+00:00
3940914,【 核心地段 1分鐘地鐵站 實用3房 望公園景 】,太子,寶崙樓,16500,510,3,1,三月地產,https://i1.28hse.com/2026/07/202607211651373283432_thumb.jpg,https://www.28hse.com/rent/apartment/property-3940914,2026-08-02T21:33:05.478720+00:00
3921023,太子高質兩房 約睇,太子,利泰大樓,16800,407,2,1,駿輝地產投資有限公司,https://i1.28hse.com/2026/07/20260723220225327826_thumb.jpg,https://www.28hse.com/rent/apartment/property-3921023,2026-08-02T21:33:05.478720+00:00
3940731,近港鐵 商業契 2房,太子,南苑大廈,17000,464,2,,千億物業 太子分行,https://i1.28hse.com/2026/07/202607211535076710465_thumb.jpg,https://www.28hse.com/rent/apartment/property-3940731,2026-08-02T21:33:05.478720+00:00
3898006,查詢有影片太子道西旺中帶靜非平地電梯大件靚仔乾濕分離實用靚仔兩房快走筍租,太子,利泰大樓,16800,407,2,1,駿輝地產有限公司,https://i1.28hse.com/2026/06/202606241658252673583_thumb.jpg,https://www.28hse.com/rent/apartment/property-3898006,2026-08-02T21:33:05.478720+00:00
3928527,屋苑式大房大廳 太子地鐵站 靚仔裝修 旺中帶靜地段,太子,頌賢花園,16000,445,2,,千億物業 太子分行,https://i1.28hse.com/2026/07/202607181746146767698_thumb.jpg,https://www.28hse.com/rent/apartment/property-3928527,2026-08-02T21:33:05.478720+00:00
3915493,"屋苑管理,24小時保安,交通方便,生活配套,衣食住行.",太子,頌賢花園,16000,445,2,1,金豐物業,https://i1.28hse.com/2026/07/202607031316014983558_thumb.jpg,https://www.28hse.com/rent/apartment/property-3915493,2026-08-02T21:33:05.478720+00:00
3933233,🩵三月🩵【靚裝兩房 ● 5分鐘太子站 ● 乾濕分離廁】*即租即住*,太子,利泰大樓,16800,450,2,1,三月地產,https://i1.28hse.com/2026/07/202607151719475893294_thumb.jpg,https://www.28hse.com/rent/apartment/property-3933233,2026-08-02T21:33:05.478720+00:00
3931766,"全屋傢電,交通方便, 南苑大廈, 2房1廳, 低層",太子,南苑大廈,17000,463,2,1,金暉地產公司,https://i1.28hse.com/2026/07/202607141606258615765_thumb.jpg,https://www.28hse.com/rent/apartment/property-3931766,2026-08-02T21:33:05.478720+00:00
3917649,太子福耀大廈三房一廳租16800,太子,單幢樓房,16800,500,3,1,旗昌地產公司,https://i1.28hse.com/2026/07/202607292147108167479_thumb.jpg,https://www.28hse.com/rent/apartment/property-3917649,2026-08-02T21:33:05.478720+00:00
3921177,【唐4】 1分鐘到太子站 特大2房 將會係全新裝修（裝修中） 筍價出租,太子,砵蘭街442號,13000,475,2,1,富榮地產代理,https://i1.28hse.com/2026/07/202607061948064647634_thumb.jpg,https://www.28hse.com/rent/apartment/property-3921177,2026-08-02T21:33:05.478720+00:00
3872386,"唐1字,靚裝,平租",太子,唐樓,13000,516,2,1,富榮地產代理,https://i1.28hse.com/2026/06/20260602140934659732_thumb.jpg,https://www.28hse.com/rent/apartment/property-3872386,2026-08-02T21:33:05.478720+00:00
3371266,弼街新填地街符近朗豪坊及旺角街市場6分鐘地鐵站平租求好客(唐7樓),太子,,14500,600,3,1,富榮地產代理,https://i1.28hse.com/2026/06/202606251737001923540_thumb.jpg,https://www.28hse.com/rent/apartment/property-3371266,2026-08-02T21:33:05.478720+00:00
2049807,"大房大廳,一家大小,寬敞舒適,有匙即睇",大角咀,中耀樓,14000,406,2,1,名城 (九龍) 地產,https://i1.28hse.com/2026/07/202607301921592922268_thumb.jpg,https://www.28hse.com/rent/apartment/property-2049807,2026-08-02T21:33:05.478720+00:00
3949424,【筍租】新裝三房平租 只求好客,大角咀,中原樓,12800,403,3,,置業2地產代理,https://i1.28hse.com/2026/07/20260728135300838864_thumb.jpg,https://www.28hse.com/rent/apartment/property-3949424,2026-08-02T21:33:05.478720+00:00
2512489,近太子站 超實用四正 可做3房 東南多窗 舒適好住 求好客,大角咀,福和大樓,13800,438,2,,大同地產(塘尾道),https://i1.28hse.com/2023/01/202301111800002177353_thumb.jpg,https://www.28hse.com/rent/apartment/property-2512489,2026-08-02T21:33:05.478720+00:00
3929381,"旺中帶靜,十分鐘到奧海城",大角咀,福興大樓,14900,414,2,1,卓越地產,https://i1.28hse.com/2026/07/202607121846416207123_thumb.jpg,https://www.28hse.com/rent/apartment/property-3929381,2026-08-02T21:33:05.478720+00:00
3934961,又大又新淨！兩房、樓下清淨、洋樓,大角咀,櫻桃大廈,13000,401,2,1,駿輝地產旺角有限公司,https://i1.28hse.com/2026/07/202607302201581806412_thumb.jpg,https://www.28hse.com/rent/apartment/property-3934961,2026-08-02T21:33:05.478720+00:00
3954039,大角咀 超筍兩房洋樓 全新靚裝401呎 12000,大角咀,櫻桃大廈,12000,401,2,1,駿輝地產旺角有限公司,https://i1.28hse.com/2026/07/202607311829491776191_thumb.jpg,https://www.28hse.com/rent/apartment/property-3954039,2026-08-02T21:33:05.478720+00:00
3809091,5分鐘直達鐵路站 大2房大廳 開陽多窗,大角咀,櫻桃大廈,13000,410,2,1,駿輝地產港一有限公司,https://i1.28hse.com/2026/07/202607310225313947431_thumb.jpg,https://www.28hse.com/rent/apartment/property-3809091,2026-08-02T21:33:05.478720+00:00
3825445,獨家大大件【超值2房大廈維修中】5分鐘太子地鐵站,大角咀,長豐大廈,12500,432,2,1,三月地產,https://i1.28hse.com/2026/07/202607171750168402527_thumb.jpg,https://www.28hse.com/rent/apartment/property-3825445,2026-08-02T21:33:05.478720+00:00
3949544,大型屋苑 配套設施完善 交通便利.,大角咀,中原樓,12800,403,3,1,置業2地產代理,https://i1.28hse.com/2026/07/202607281450334590649_thumb.jpg,https://www.28hse.com/rent/apartment/property-3949544,2026-08-02T21:33:05.478720+00:00
2651587,裝修3房大廳平地電梯高層,大角咀,櫻桃大廈,12300,401,2,1,裕發地產代理公司,https://i1.28hse.com/2026/07/202607311643534700171_thumb.jpg,https://www.28hse.com/rent/apartment/property-2651587,2026-08-02T21:33:05.478720+00:00
3943039,5分鐘太子地鐵站 廳大房大兩房 可約睇樓,大角咀,慶年大樓,14500,412,2,1,宇晴地產,https://i1.28hse.com/2026/07/202607231233483582230_thumb.jpg,https://www.28hse.com/rent/apartment/property-3943039,2026-08-02T21:33:05.478720+00:00
3925490,鄰近太子旺角 超實用大廳大房,大角咀,福和大樓,13800,438,2,,大同地產(麗華大廈),https://i1.28hse.com/2026/07/202607221045413759181_thumb.jpg,https://www.28hse.com/rent/apartment/property-3925490,2026-08-02T21:33:05.478720+00:00
3927139,*靚裝3房 適合家庭客 平地電梯 有匙即睇*,大角咀,中原樓,16500,419,3,1,廣信地產顧問有限公司,https://i1.28hse.com/2026/07/202607102040501253495_thumb.jpg,https://www.28hse.com/rent/apartment/property-3927139,2026-08-02T21:33:05.478720+00:00
3927709,2大房大廳，新裝修平地電梯，即租即用,大角咀,必發大廈,12900,434,2,,千億物業 太子分行,https://i1.28hse.com/2026/07/20260711131136921069_thumb.jpg,https://www.28hse.com/rent/apartment/property-3927709,2026-08-02T21:33:05.478720+00:00
3533635,大角咀 %% 港灣豪庭 %% 兩房齊傢電 出租,大角咀,港灣豪庭,16900,403,2,1,泰盛物業,https://i1.28hse.com/2025/08/202508081554015573157_thumb.jpg,https://www.28hse.com/rent/apartment/property-3533635,2026-08-02T21:33:05.478720+00:00
3916681,大角咀洋樓平地1樓電梯2房雅裝，1樓約睇,大角咀,櫻桃大廈,12300,401,2,1,家旺物業大埔道,https://i1.28hse.com/2026/07/202607032025174818981_thumb.jpg,https://www.28hse.com/rent/apartment/property-3916681,2026-08-02T21:33:05.478720+00:00
3933425,荔枝角區連平台單位出,美孚,荔灣花園,17000,426,2,1,開心置業有限公司,https://i1.28hse.com/2026/08/202608022339508160995_thumb.jpg,https://www.28hse.com/rent/apartment/property-3933425,2026-08-02T21:33:05.478720+00:00
3933189,"實用長沙灣兩房一廳筍盤, 地點極佳 交通便利!",長沙灣,青山道268號,10500,400,2,1,奧思房產,https://i1.28hse.com/2026/07/202607151704143632583_thumb.jpg,https://www.28hse.com/rent/apartment/property-3933189,2026-08-02T21:33:05.478720+00:00
3922012,長沙灣麗寶花園靚裝修,長沙灣,麗寶花園,17000,404,2,1,富誠物業有限公司,https://i1.28hse.com/2026/07/202607270000002902036_thumb.jpg,https://www.28hse.com/rent/apartment/property-3922012,2026-08-02T21:33:05.478720+00:00
3936559,新寶大廈，企理裝修,長沙灣,新寶大廈,16500,423,2,1,富豪地產公司,https://i1.28hse.com/2026/07/202607181821173027493_thumb.jpg,https://www.28hse.com/rent/apartment/property-3936559,2026-08-02T21:33:05.478720+00:00
3857939,3房 4/F 唐樓 筍價出租,長沙灣,福榮街200-202號,12800,451,3,1,萬基地產代理有限公司,https://i1.28hse.com/2026/07/202607281632371997792_thumb.jpg,https://www.28hse.com/rent/apartment/property-3857939,2026-08-02T21:33:05.478720+00:00
3920165,"福榮街200號，唐5樓，3房,有裝修有景觀",長沙灣,唐樓,12800,450,3,1,進富地產代理有限公司,https://i1.28hse.com/2026/07/202607061243393323512_thumb.jpg,https://www.28hse.com/rent/apartment/property-3920165,2026-08-02T21:33:05.478720+00:00
3953913,【東蘭閣】平地電梯 交通方便 食肆林立 配套齊備 方正實用 歡迎約睇,長沙灣,東蘭閣,14500,462,2,1,駿輝地產安業有限公司,https://i1.28hse.com/2026/07/202607311746085075474_thumb.jpg,https://www.28hse.com/rent/apartment/property-3953913,2026-08-02T21:33:05.478720+00:00
3950801,3房雅裝 高層清靜,長沙灣,新寶大廈,16000,413,3,,田發地產代理,https://i1.28hse.com/2026/07/202607291411412558803_thumb.jpg,https://www.28hse.com/rent/apartment/property-3950801,2026-08-02T21:33:05.478720+00:00
3944922,唐3樓 全層2房租 企埋裝修 無電梯 457呎,長沙灣,唐樓,10800,457,2,1,好景地產代理公司,https://i1.28hse.com/2026/07/202607241542252219533_thumb.jpg,https://www.28hse.com/rent/apartment/property-3944922,2026-08-02T21:33:05.478720+00:00
3896520,中層 ※ 三房一廳 ※ 內街優靜 ※ 歡迎約看,長沙灣,,12300,451,3,1,壹壹物業,https://i1.28hse.com/2026/06/202606181633553740409_thumb.jpg,https://www.28hse.com/rent/apartment/property-3896520,2026-08-02T21:33:05.478720+00:00
3941135,*三房*新寶大廈*近長沙灣地鐵站 裝修企理高層 雅致裝修 多窗開陽遠景 強校網,長沙灣,新寶大廈,16000,423,3,1,金德物業有限公司,https://i1.28hse.com/2026/07/2026072118231991224_thumb.jpg,https://www.28hse.com/rent/apartment/property-3941135,2026-08-02T21:33:05.478720+00:00
3940771,抵租獨立單位 鄰近荔枝角/長沙灣站,長沙灣,永康街50D-50E號,10800,470,2,1,駿輝地產有限公司,https://i1.28hse.com/2026/07/202607280214194395147_thumb.jpg,https://www.28hse.com/rent/apartment/property-3940771,2026-08-02T21:33:05.478720+00:00
3937816,超大兩房大廳光猛多窗，直接業主，免佣,長沙灣,唐樓,10800,470,2,1,,https://i1.28hse.com/2026/07/202607182014098284011_thumb.jpg,https://www.28hse.com/rent/apartment/property-3937816,2026-08-02T21:33:05.478720+00:00
3752239,鄰近地鐵 旺中帶靜 環境舒適 景觀優雅 交通方便,長沙灣,麗寶花園,16800,410,2,1,好景地產代理公司,https://i1.28hse.com/2026/02/202602271613141556282_thumb.jpg,https://www.28hse.com/rent/apartment/property-3752239,2026-08-02T21:33:05.478720+00:00
3931267,長沙灣 清靜地段 新寶大廈,長沙灣,新寶大廈,16000,423,3,1,港威置業（青山道）,https://i1.28hse.com/2026/07/202607241444335055357_thumb.jpg,https://www.28hse.com/rent/apartment/property-3931267,2026-08-02T21:33:05.478720+00:00
3841040,3房清靜 企理,長沙灣,新寶大廈,16000,423,3,1,高盛地產,https://i1.28hse.com/2026/07/202607151942526954447_thumb.jpg,https://www.28hse.com/rent/apartment/property-3841040,2026-08-02T21:33:05.478720+00:00
3920255,3分鐘地鐵！高層實用！,荔枝角,鴻昌工廠大廈,13800,500,3,1,進昇地產代理有限公司,/assets/img/loadingphoto170_125.jpg,https://www.28hse.com/rent/apartment/property-3920255,2026-08-02T21:33:05.478720+00:00
3953042,【好房推薦】三房兩廳兩衛，靓裝修，近地鐵站，我舖有匙，歡迎專才學生家庭客約看樓,深水埗,昌遠大廈,16000,450,1,1,利嘉閣地產有限公司,https://i1.28hse.com/2026/08/202608011828524367099_thumb.jpg,https://www.28hse.com/rent/apartment/property-3953042,2026-08-02T21:33:05.478720+00:00
3948278,超筍2房洋樓益街坊， 求好租客,深水埗,慶華大廈,13200,407,2,1,高盛地產,https://i1.28hse.com/2026/07/202607271436508341261_thumb.jpg,https://www.28hse.com/rent/apartment/property-3948278,2026-08-02T21:33:05.478720+00:00
3945377,((全新豪裝))三間套房 仲有廳仔 可租宿舍/學生合租/長租,深水埗,單幢樓房,15500,450,3,3,廣信地產顧問有限公司,https://i1.28hse.com/2026/07/202607241846143285781_thumb.jpg,https://www.28hse.com/rent/apartment/property-3945377,2026-08-02T21:33:05.478720+00:00
3938857,"福江大廈放租,3房,開揚景觀，交通方便",深水埗,福江大廈,9500,498,3,1,進富地產代理有限公司,https://i1.28hse.com/2026/07/202607201326288860692_thumb.jpg,https://www.28hse.com/rent/apartment/property-3938857,2026-08-02T21:33:05.478720+00:00
3944093,"全新裝修,交通方便,生活配套,衣食住行,合家庭及學生",深水埗,大安樓,10800,510,2,2,金豐物業,https://i1.28hse.com/2026/07/202607251702007485463_thumb.jpg,https://www.28hse.com/rent/apartment/property-3944093,2026-08-02T21:33:05.478720+00:00
3955247,全新裝，實用2房,深水埗,東盧大廈,14500,429,2,,安迪物業代理,https://i1.28hse.com/2026/08/202608011644058974393_thumb.jpg,https://www.28hse.com/rent/apartment/property-3955247,2026-08-02T21:33:05.478720+00:00
3931227,"【VR,圖則,分貝計】2房,全新裝修,開陽大窗,太子/深水埗站",深水埗,基隆街112-116號,12800,422,2,1,小村置業有限公司,https://i1.28hse.com/2026/07/202607141134175922056_thumb.jpg,https://www.28hse.com/rent/apartment/property-3931227,2026-08-02T21:33:05.478720+00:00
3931806,"【VR/圖則】大2房,業主將油新油漆,新晉文青社區,鄰豪宅新樓",深水埗,鴨寮街85-87號,13800,650,2,1,小村置業有限公司,https://i1.28hse.com/2026/07/202607141618324701542_thumb.jpg,https://www.28hse.com/rent/apartment/property-3931806,2026-08-02T21:33:05.478720+00:00
3935247,三房大廳 唐5樓 近地鐵站 多窗,深水埗,唐樓,10000,407,3,1,恒龍地產,https://i1.28hse.com/2026/07/202607211921401653338_thumb.jpg,https://www.28hse.com/rent/apartment/property-3935247,2026-08-02T21:33:05.478720+00:00
3538993,有匙企理3房~合租學生皆可(要行一層樓梯),深水埗,德昌大廈,14500,460,3,1,日豐地產公司,https://i1.28hse.com/2026/07/202607091510334465910_thumb.jpg,https://www.28hse.com/rent/apartment/property-3538993,2026-08-02T21:33:05.478720+00:00
3921728,超筍 ! 極罕3房租•乾淨企理·有時即睇,深水埗,嘉匯大廈,14500,421,3,1,富榮地產代理,https://i1.28hse.com/2026/07/202607071341023589376_thumb.jpg,https://www.28hse.com/rent/apartment/property-3921728,2026-08-02T21:33:05.478720+00:00
3812119,深水涉南昌街180號3房放租,深水埗,普泰大樓,12500,400,3,1,金豪物業代理有限公司,https://i1.28hse.com/2026/04/202604161508066899705_thumb.jpg,https://www.28hse.com/rent/apartment/property-3812119,2026-08-02T21:33:05.478720+00:00
3658016,兩房有匙即睇,深水埗,慶華大廈,13200,407,2,1,高盛地產,https://i1.28hse.com/2026/07/202607271434483918762_thumb.jpg,https://www.28hse.com/rent/apartment/property-3658016,2026-08-02T21:33:05.478720+00:00
3872824,只租家庭客，包大租免問,深水埗,唐樓,12800,526,2,1,高盛地產,https://i1.28hse.com/2026/06/202606021710252310191_thumb.jpg,https://www.28hse.com/rent/apartment/property-3872824,2026-08-02T21:33:05.478720+00:00
3923942,"【8/f無電梯兩房!!! 大大間!!! $8,200!!】",深水埗,唐樓,8200,550,2,1,駿輝地產投資有限公司,https://i1.28hse.com/2026/07/202607241547248272629_thumb.jpg,https://www.28hse.com/rent/apartment/property-3923942,2026-08-02T21:33:05.478720+00:00
3930337,可租 宿舍 3房3廁,深水埗,南昌樓,16500,500,3,3,富榮地產代理,https://i1.28hse.com/2026/07/202607131502486453699_thumb.jpg,https://www.28hse.com/rent/apartment/property-3930337,2026-08-02T21:33:05.478720+00:00
3916772,"【VR/圖則/分貝計】2房,全新高級裝修,太子/深水埗站",深水埗,長沙灣道98-100號,13000,526,2,1,小村置業有限公司,https://i1.28hse.com/2026/07/20260703215636158347_thumb.jpg,https://www.28hse.com/rent/apartment/property-3916772,2026-08-02T21:33:05.478720+00:00
3679266,【唐8樓】 獨立單位 大廈搭棚維修中,深水埗,,8600,415,1,1,展豐地產代理公司,https://i1.28hse.com/2026/07/202607291036061175752_thumb.jpg,https://www.28hse.com/rent/apartment/property-3679266,2026-08-02T21:33:05.478720+00:00
3937352,兩房大廳 梗廚 光猛開揚 平地電梯,深水埗,嘉匯大廈,13800,421,2,1,鴻發地產物業,https://i1.28hse.com/2026/07/202607181637432165275_thumb.jpg,https://www.28hse.com/rent/apartment/property-3937352,2026-08-02T21:33:05.478720+00:00
3923274,"新淨兩房,環境清靜,平地電梯",深水埗,嘉匯大廈,14000,421,2,1,富榮地產代理,https://i1.28hse.com/2026/07/202607131617513835856_thumb.jpg,https://www.28hse.com/rent/apartment/property-3923274,2026-08-02T21:33:05.478720+00:00
3824614,唐三樓 連家私電器 大獨立單位 學生可分租,深水埗,南灣大廈,14000,534,2,1,協力物業代理公司,https://i1.28hse.com/2026/06/202606081653242376667_thumb.jpg,https://www.28hse.com/rent/apartment/property-3824614,2026-08-02T21:33:05.478720+00:00
3952704,何文田34校網近地鐵近培正 雅装高層大二房 筍,何文田,太平閣,15800,429,2,1,富旺地產代理有限公司,https://i1.28hse.com/2026/07/202607301832342336027_thumb.jpg,https://www.28hse.com/rent/apartment/property-3952704,2026-08-02T21:33:05.478720+00:00
3942096,【都會大學菁英合租】唐樓6/F 2房 雅緻裝修大2房 近地鐵連家電,何文田,勝利道8號,13500,440,2,1,三月地產,https://i1.28hse.com/2026/07/202607221649343874891_thumb.jpg,https://www.28hse.com/rent/apartment/property-3942096,2026-08-02T21:33:05.478720+00:00
3923651,何文田太平道~ 東南2房 可合作,何文田,太平閣,15500,429,2,1,富安地產顧問有限公司,https://i1.28hse.com/2026/08/202608011056431853811_thumb.jpg,https://www.28hse.com/rent/apartment/property-3923651,2026-08-02T21:33:05.478720+00:00
1621226,有匙引看、二房一廳,何文田,太平閣,15800,429,2,1,天祥置業代理有限公司,https://i1.28hse.com/2026/07/202607222321301352387_thumb.jpg,https://www.28hse.com/rent/apartment/property-1621226,2026-08-02T21:33:05.478720+00:00
3945375,（外勞宿舍）二大房（可3房）新蒲崗單邊唐樓光猛501尺租$14500,新蒲崗,唐樓,14500,501,2,1,嬌陽地產,https://i1.28hse.com/2026/08/202608011520524391715_thumb.jpg,https://www.28hse.com/rent/apartment/property-3945375,2026-08-02T21:33:05.478720+00:00
3932189,【合勞工宿舍】新蒲崗唐樓_安福大樓_企理三房一廳向東南_實用438呎,新蒲崗,安福大樓,10000,438,3,1,,https://i1.28hse.com/2026/07/202607291906505869184_thumb.jpg,https://www.28hse.com/rent/apartment/property-3932189,2026-08-02T21:33:05.478720+00:00
3907837,崇齡大廈兩房一廳連傢俬電器，公園景多窗。歡迎約睇,新蒲崗,崇齡大廈,14800,412,2,1,九龍行物業,https://i1.28hse.com/2026/07/20260705175523461547_thumb.jpg,https://www.28hse.com/rent/apartment/property-3907837,2026-08-02T21:33:05.478720+00:00
3937879,新蒲崗洋樓-康景樓→3房1廳牆身翻新,新蒲崗,,16300,405,3,1,宏龍地產代理,https://i1.28hse.com/2026/07/202607182140203805168_thumb.jpg,https://www.28hse.com/rent/apartment/property-3937879,2026-08-02T21:33:05.478720+00:00
3727794,唐5樓二房一廳出租，向東南新淨裝修，連傢俬電器，10分鐘到啟德地鐵站,新蒲崗,安福大樓,11800,438,2,1,九龍行物業,https://i1.28hse.com/2026/07/202607011244425629240_thumb.jpg,https://www.28hse.com/rent/apartment/property-3727794,2026-08-02T21:33:05.478720+00:00
3924475,富裕地產@新蒲崗廣場@獨家,新蒲崗,新蒲崗廣場,16500,408,1,1,富裕地產代理,https://i1.28hse.com/2026/07/20260709120243704937_thumb.jpg,https://www.28hse.com/rent/apartment/property-3924475,2026-08-02T21:33:05.478720+00:00
3918376,╔▛極罕2房港鐵上蓋機會難得!▟╝,黃大仙,豪苑,16000,408,2,,世紀21富山(香港),https://i1.28hse.com/2026/07/202607041959577498147_thumb.jpg,https://www.28hse.com/rent/apartment/property-3918376,2026-08-02T21:33:05.478720+00:00
3915916,"新蒲崗洋樓 崇齡大廈-東南兩面窗2房1廳,傢俬電器",新蒲崗,崇齡大廈,14500,412,2,1,宏龍地產代理,https://i1.28hse.com/2026/07/202607272015498573365_thumb.jpg,https://www.28hse.com/rent/apartment/property-3915916,2026-08-02T21:33:05.478720+00:00
3924244,✭侯王道✭兩房大廳✭連天台,九龍城,唐樓,13000,400,2,1,滙昇置業,https://i1.28hse.com/2026/07/202607090014562078093_thumb.jpg,https://www.28hse.com/rent/apartment/property-3924244,2026-08-02T21:33:05.478720+00:00
3944528,全新裝修2房1廳41校網,九龍城,單幢樓房,16800,410,2,1,天申置業,https://i1.28hse.com/2026/07/202607241210346374618_thumb.jpg,https://www.28hse.com/rent/apartment/property-3944528,2026-08-02T21:33:05.478720+00:00
3920091,唐樓 41校網2房連天台,九龍城,,13000,400,2,1,誠家地產,https://i1.28hse.com/2026/07/202607061212087583208_thumb.jpg,https://www.28hse.com/rent/apartment/property-3920091,2026-08-02T21:33:05.478720+00:00
3924567,[ 41區名校網 ] 兩房大廳 裝修新 合小家庭 溫馨天地,九龍城,唐樓,12800,423,2,1,佳信物業有限公司,https://i1.28hse.com/2026/07/202607181439155171753_thumb.jpg,https://www.28hse.com/rent/apartment/property-3924567,2026-08-02T21:33:05.478720+00:00
3938621,2房2廁 41名校網,九龍城,,16800,450,2,2,港駿物業,https://i1.28hse.com/2026/07/202607221828063745052_thumb.jpg,https://www.28hse.com/rent/apartment/property-3938621,2026-08-02T21:33:05.478720+00:00
3702132,《實盤》全新裝修，新冷氣，只求好客 41網,九龍城,唐樓,12800,420,2,1,宏基地產(九龍城)有限公司,https://i1.28hse.com/2026/05/202605291730421358549_thumb.jpg,https://www.28hse.com/rent/apartment/property-3702132,2026-08-02T21:33:05.478720+00:00
3954095,電梯中層實用傢電兩房,土瓜灣,崇廉樓,15000,501,2,1,錦隆物業代理,https://i1.28hse.com/2026/08/202608021307033662330_thumb.jpg,https://www.28hse.com/rent/apartment/property-3954095,2026-08-02T21:33:05.478720+00:00
3952510,土瓜灣 偉恒昌 靚裝 兩房兩廳 地點方便 附近有碼頭 巴士總站 極高層,土瓜灣,偉恆昌新村,14800,411,2,1,,https://i1.28hse.com/2026/07/202607301701035773844_thumb.jpg,https://www.28hse.com/rent/apartment/property-3952510,2026-08-02T21:33:05.478720+00:00
2337433,"翔龙湾东南海景三房合租,两间找女室友,$7000起,8月中入住",土瓜灣,翔龍灣,7300,560,3,2,,https://i1.28hse.com/2022/08/202208140317035073272_thumb.jpg,https://www.28hse.com/rent/apartment/property-2337433,2026-08-02T21:33:05.478720+00:00
3934774,✿【專為鍾意實用人士】方方正正✩大街上落✿『2房✓高層✓』,土瓜灣,北帝大樓,14800,459,2,1,生利達物業代理,https://i1.28hse.com/2026/07/202607251940534443572_thumb.jpg,https://www.28hse.com/rent/apartment/property-3934774,2026-08-02T21:33:05.478720+00:00
3938815,ღ北帝大樓ღ獨家兩房ღ雅裝企理ღ歡迎約睇ღ,土瓜灣,北帝大樓,14800,459,2,1,裕豐物業代理,https://i1.28hse.com/2026/07/202607191817047053555_thumb.jpg,https://www.28hse.com/rent/apartment/property-3938815,2026-08-02T21:33:05.478720+00:00
3934826,罕有超巨兩房巨廳 向東南 平地電梯 有匙即看 近屯馬地鐵,土瓜灣,譚公大廈,15500,503,2,1,領威置業,https://i1.28hse.com/2026/07/202607161949552735761_thumb.jpg,https://www.28hse.com/rent/apartment/property-3934826,2026-08-02T21:33:05.478720+00:00
3929300,有lift獨立單位 大房大廳,土瓜灣,譚公大廈,14200,503,2,1,中景地產,https://i1.28hse.com/2026/08/202608021148465600767_thumb.jpg,https://www.28hse.com/rent/apartment/property-3929300,2026-08-02T21:33:05.478720+00:00
3915529,《 室內靚裝修· 2大房加1工人房·罕有 》益豐大廈,土瓜灣,益豐大廈,14300,501,3,1,天晋物業有限公司,https://i1.28hse.com/2026/07/202607031329373592562_thumb.jpg,https://www.28hse.com/rent/apartment/property-3915529,2026-08-02T21:33:05.478720+00:00
3884511,有鎖匙~巨無霸!!可租勞工!!3房!交通便利步行5分鐘到地鐵站,土瓜灣,華強大廈,13800,500,3,1,金達地產,https://i1.28hse.com/2026/06/202606251334455785620_thumb.jpg,https://www.28hse.com/rent/apartment/property-3884511,2026-08-02T21:33:05.478720+00:00
3919574,✿【享受到生活嘅空間感】執靚間屋先交俾你✿『2房✓有部分傢電✓大屋苑✓』,土瓜灣,偉恆昌新村,16800,423,2,1,生利達物業代理,https://i1.28hse.com/2026/07/202607051828373167397_thumb.jpg,https://www.28hse.com/rent/apartment/property-3919574,2026-08-02T21:33:05.478720+00:00
3919153,✿【大件又抵租】實際實用就係好｜租金平•樓層高✿『2房✓東南✓平地𨋢✓近港鐵✓,土瓜灣,北帝大樓,14000,454,2,1,生利達物業代理,https://i1.28hse.com/2026/07/202607071609554534501_thumb.jpg,https://www.28hse.com/rent/apartment/property-3919153,2026-08-02T21:33:05.478720+00:00
3922192,有lift獨立單位 大房大廳,土瓜灣,譚公大廈,14200,503,3,1,中景地產,https://i1.28hse.com/2026/08/20260802155426121949_thumb.jpg,https://www.28hse.com/rent/apartment/property-3922192,2026-08-02T21:33:05.478720+00:00
3922643,安福大廈**中層新裝修二房一廳**駿發地產,土瓜灣,安福大廈,13200,409,2,1,駿發地產,https://i1.28hse.com/2026/07/202607072150182541000_thumb.jpg,https://www.28hse.com/rent/apartment/property-3922643,2026-08-02T21:33:05.478720+00:00
3921918,寶暉大廈＞罕有放盤！大房大廳！識得享受一定識揀 交通四通八達,土瓜灣,寶暉大廈,12800,416,2,1,天晋物業有限公司,https://i1.28hse.com/2026/07/202607221347158503035_thumb.jpg,https://www.28hse.com/rent/apartment/property-3921918,2026-08-02T21:33:05.478720+00:00
3918194,「超大間屋」 「空間感Max」 煤浴 有匙即睇 歡迎隨時聯絡 幫你搵間靚屋,土瓜灣,偉恆昌新村,16800,423,2,1,世紀21置業易,https://i1.28hse.com/2026/07/20260704184039382329_thumb.jpg,https://www.28hse.com/rent/apartment/property-3918194,2026-08-02T21:33:05.478720+00:00
3916694,「你的那個家、雜物很多嗎 ？」崇廉樓 501呎 2房,土瓜灣,崇廉樓,15000,501,2,1,捷昇置業有限公司,https://i1.28hse.com/2026/07/202607191657527267879_thumb.jpg,https://www.28hse.com/rent/apartment/property-3916694,2026-08-02T21:33:05.478720+00:00
3875574,"獨立房間出租, 歡迎學生查詢",鑽石山,星河明居,13500,593,3,2,世家置業有限公司,https://i1.28hse.com/estate_data/79/2050/FLOOR/2050_20231121180226338275_thumb.jpg,https://www.28hse.com/rent/apartment/property-3875574,2026-08-02T21:33:05.478720+00:00
3952623,獨家罕有三房租盤，間格實用,青衣,美景花園,16500,564,3,1,啟勝地產(美景花園),https://i1.28hse.com/2026/07/202607301752162474392_thumb.jpg,https://www.28hse.com/rent/apartment/property-3952623,2026-08-02T21:33:05.478720+00:00
3939343,暑期優惠＊租樓送300元超市禮卷＊有裝修2房租盤 歡迎查詢,青衣,藍澄灣,16000,451,2,1,美聯物業代理有限公司,https://i1.28hse.com/2026/07/202607201247298692297_thumb.jpg,https://www.28hse.com/rent/apartment/property-3939343,2026-08-02T21:33:05.478720+00:00
3938690,暑期優惠＊租樓送300元超市禮卷＊平租企理2房 有是即睇,青衣,美景花園,13900,401,2,1,美聯物業代理有限公司,https://i1.28hse.com/2026/08/202608011550545527066_thumb.jpg,https://www.28hse.com/rent/apartment/property-3938690,2026-08-02T21:33:05.478720+00:00
3937098,新鴻基屋苑～實用大兩房～用家至愛～有匙即睇,青衣,翠怡花園,15500,451,2,1,美聯物業,https://i1.28hse.com/2026/07/20260718142459174544_thumb.jpg,https://www.28hse.com/rent/apartment/property-3937098,2026-08-02T21:33:05.478720+00:00
3935270,暑期優惠＊租樓送300元超市禮卷＊大兩房出租＊＊有匙引看＊,青衣,翠怡花園,16000,451,2,1,美聯物業代理有限公司,https://i1.28hse.com/2026/08/202608011459221127034_thumb.jpg,https://www.28hse.com/rent/apartment/property-3935270,2026-08-02T21:33:05.478720+00:00
3919329,至筍2房，獨家租盤,青衣,翠怡花園,16000,451,2,1,美聯物業,https://i1.28hse.com/2026/07/2026070516562823928_thumb.jpg,https://www.28hse.com/rent/apartment/property-3919329,2026-08-02T21:33:05.478720+00:00
3954986,暑期優惠＊租樓送300元超市禮卷＊已交吉 有匙引看,青衣,藍澄灣,16500,488,2,1,美聯物業代理有限公司,https://i1.28hse.com/2026/08/202608011445305223260_thumb.jpg,https://www.28hse.com/rent/apartment/property-3954986,2026-08-02T21:33:05.478720+00:00
3952871,中層開揚兩房 連電器 傢俬 短期必走,青衣,藍澄灣,16500,451,2,1,美聯物業,https://i1.28hse.com/2026/07/202607302029131166963_thumb.jpg,https://www.28hse.com/rent/apartment/property-3952871,2026-08-02T21:33:05.478720+00:00
3946782,企理裝修 實用3房筍價出租,青衣,美景花園,16500,564,3,,啟勝地產(美景花園),https://i1.28hse.com/2026/08/202608011633347650324_thumb.jpg,https://www.28hse.com/rent/apartment/property-3946782,2026-08-02T21:33:05.478720+00:00
3919113,有匙兩房. 煙花海景,青衣,美景花園,13500,420,2,,啟勝地產(美景花園),https://i1.28hse.com/2026/07/202607051521013167247_thumb.jpg,https://www.28hse.com/rent/apartment/property-3919113,2026-08-02T21:33:05.478720+00:00
3956991,實用502呎空間闊落，超級大兩房，望到海景，鄰近青衣港鐵站步行即達,青衣,海欣花園,17000,502,2,1,利嘉閣地產有限公司,https://i1.28hse.com/2026/08/2026080218003710773_thumb.jpg,https://www.28hse.com/rent/apartment/property-3956991,2026-08-02T21:33:05.478720+00:00
3956840,"451呎大兩房空間闊落, 東南樓機會難得, 即租即住",青衣,藍澄灣,16800,451,2,1,利嘉閣地產有限公司,https://i1.28hse.com/2026/08/202608021701121763261_thumb.jpg,https://www.28hse.com/rent/apartment/property-3956840,2026-08-02T21:33:05.478720+00:00
3956529,*Sandra*青衣藍澄灣最平2房租盤,青衣,藍澄灣,16500,451,2,1,美聯物業,https://i1.28hse.com/2026/08/202608021508104347767_thumb.jpg,https://www.28hse.com/rent/apartment/property-3956529,2026-08-02T21:33:05.478720+00:00
3940208,實用432呎大兩房積，新裝修，空間濶落，筍盤抵租，睇樓靚過相!,青衣,美景花園,15000,432,2,1,利嘉閣地產有限公司,https://i1.28hse.com/2026/07/202607210804031773053_thumb.jpg,https://www.28hse.com/rent/apartment/property-3940208,2026-08-02T21:33:05.478720+00:00
3950703,海欣花園中層開揚園景兩房 企理裝修 即約即睇,青衣,海欣花園,16800,502,2,1,利嘉閣地產有限公司,https://i1.28hse.com/2026/07/20260729130950994184_thumb.jpg,https://www.28hse.com/rent/apartment/property-3950703,2026-08-02T21:33:05.478720+00:00
3948730,藍澄灣理兩房租,青衣,藍澄灣,16500,451,2,1,中原地產代理有限公司,https://i1.28hse.com/2026/07/202607271752514945054_thumb.jpg,https://www.28hse.com/rent/apartment/property-3948730,2026-08-02T21:33:05.478720+00:00
3946970,青衣翠怡花園大2房放租,青衣,翠怡花園,16000,455,2,1,利嘉閣地產有限公司,https://i1.28hse.com/2026/07/202607261257525971290_thumb.jpg,https://www.28hse.com/rent/apartment/property-3946970,2026-08-02T21:33:05.478720+00:00
3946381,美景花園全新靚裝兩房 即約即睇,青衣,美景花園,14500,432,2,1,利嘉閣地產有限公司,https://i1.28hse.com/2026/07/2026072516381723840_thumb.jpg,https://www.28hse.com/rent/apartment/property-3946381,2026-08-02T21:33:05.478720+00:00
3946134,海欣花園高層雅緻裝修兩房 即約即睇,青衣,海欣花園,16800,467,2,1,利嘉閣地產有限公司,https://i1.28hse.com/2026/07/202607251447228824876_thumb.jpg,https://www.28hse.com/rent/apartment/property-3946134,2026-08-02T21:33:05.478720+00:00
3946129,藍澄灣高層海景兩房 企理裝修 即約即睇,青衣,藍澄灣,16800,488,2,1,利嘉閣地產有限公司,https://i1.28hse.com/2026/07/202607251443402437597_thumb.jpg,https://www.28hse.com/rent/apartment/property-3946129,2026-08-02T21:33:05.478720+00:00
3945521,Lily推薦！海欣花園 高層兩房靚盤 實用467呎 即租即住,青衣,海欣花園,17000,467,2,1,利嘉閣地產有限公司,https://i1.28hse.com/2026/07/202607242007338438589_thumb.jpg,https://www.28hse.com/rent/apartment/property-3945521,2026-08-02T21:33:05.478720+00:00
3945428,"青衣翠怡花園 高層兩房靚則 只租$16,500 Lily推薦！",青衣,翠怡花園,16500,443,2,1,利嘉閣地產有限公司,https://i1.28hse.com/2026/07/202607241905486523427_thumb.jpg,https://www.28hse.com/rent/apartment/property-3945428,2026-08-02T21:33:05.478720+00:00
3921285,青衣藍澄灣高層開揚山景 2房雅裝連電器,青衣,藍澄灣,16800,488,2,1,中原地產代理有限公司,https://i1.28hse.com/2026/07/20260706212553901583_thumb.jpg,https://www.28hse.com/rent/apartment/property-3921285,2026-08-02T21:33:05.478720+00:00
3943946,藍澄灣中層開揚兩房 即約即睇,青衣,藍澄灣,16000,451,2,1,利嘉閣地產有限公司,https://i1.28hse.com/2026/07/20260723185536687999_thumb.jpg,https://www.28hse.com/rent/apartment/property-3943946,2026-08-02T21:33:05.478720+00:00
3943938,藍澄灣高層開揚兩房 企理裝修 即約即睇,青衣,藍澄灣,17000,488,2,1,利嘉閣地產有限公司,https://i1.28hse.com/2026/07/202607231852332918951_thumb.jpg,https://www.28hse.com/rent/apartment/property-3943938,2026-08-02T21:33:05.478720+00:00
3943758,雅緻裝修.園景夠靜.人見人愛,青衣,海欣花園,17000,463,2,1,啟勝地產(翠怡花園),https://i1.28hse.com/2026/07/202607231743374904127_thumb.jpg,https://www.28hse.com/rent/apartment/property-3943758,2026-08-02T21:33:05.478720+00:00
3943066,Lily 推薦 藍澄灣 中層放租｜盤,青衣,藍澄灣,15500,488,2,1,利嘉閣地產有限公司,https://i1.28hse.com/2026/07/202607231252577036440_thumb.jpg,https://www.28hse.com/rent/apartment/property-3943066,2026-08-02T21:33:05.478720+00:00
3941611,靚裝清靜園景，即租即住,青衣,翠怡花園,17000,449,2,1,中原地產代理有限公司,https://i1.28hse.com/2026/07/202607221144447049919_thumb.jpg,https://www.28hse.com/rent/apartment/property-3941611,2026-08-02T21:33:05.478720+00:00
3937269,藍澄灣超高層向山開揚景大2房放租,青衣,藍澄灣,17000,488,2,1,利嘉閣地產有限公司,https://i1.28hse.com/2026/07/202607181559276207769_thumb.jpg,https://www.28hse.com/rent/apartment/property-3937269,2026-08-02T21:33:05.478720+00:00
3937241,藍澄灣中層超靚裝修2房租16000,青衣,藍澄灣,16000,451,2,1,利嘉閣地產有限公司,https://i1.28hse.com/2026/07/202607181548347617722_thumb.jpg,https://www.28hse.com/rent/apartment/property-3937241,2026-08-02T21:33:05.478720+00:00
3936796,高層兩房 間隔好用 廳大房大。,青衣,藍澄灣,17000,488,2,1,中原地產代理有限公司,https://i1.28hse.com/2026/07/202607181140242311273_thumb.jpg,https://www.28hse.com/rent/apartment/property-3936796,2026-08-02T21:33:05.478720+00:00
3936790,高層開揚兩房單位。有匙即約即睇,青衣,藍澄灣,16800,488,2,1,中原地產代理有限公司,https://i1.28hse.com/2026/07/202607181134505334040_thumb.jpg,https://www.28hse.com/rent/apartment/property-3936790,2026-08-02T21:33:05.478720+00:00
3934140,中層靚裝修 廚廁企理,青衣,翠怡花園,17000,449,2,1,中原地產代理有限公司,https://i1.28hse.com/2026/07/202607161443407829852_thumb.jpg,https://www.28hse.com/rent/apartment/property-3934140,2026-08-02T21:33:05.478720+00:00
3931145,東南大兩房|中層近商場,青衣,翠怡花園,16000,451,2,1,中原地產代理有限公司,https://i1.28hse.com/2026/07/202607141011388948291_thumb.jpg,https://www.28hse.com/rent/apartment/property-3931145,2026-08-02T21:33:05.478720+00:00
3930374,青衣美景大2房有租盤了,青衣,美景花園,14000,401,2,1,利嘉閣地產有限公司,https://i1.28hse.com/2026/07/202607131519043517778_thumb.jpg,https://www.28hse.com/rent/apartment/property-3930374,2026-08-02T21:33:05.478720+00:00
3928607,明珠好介紹,青衣,藍澄灣,16500,451,2,1,中原地產代理有限公司,https://i1.28hse.com/2026/07/202607112008345455599_thumb.jpg,https://www.28hse.com/rent/apartment/property-3928607,2026-08-02T21:33:05.478720+00:00
3925044,中層兩房。間隔好用。有匙即約即睇 地鐵上蓋 配套齊全,青衣,盈翠半島,16000,512,2,1,中原地產代理有限公司,https://i1.28hse.com/2026/07/202607091634376105016_thumb.jpg,https://www.28hse.com/rent/apartment/property-3925044,2026-08-02T21:33:05.478720+00:00
3923062,平租|抵住|地鐵站上大屋苑,青衣,盈翠半島,16000,512,2,1,中原地產代理有限公司,https://i1.28hse.com/2026/07/202607081308546860548_thumb.jpg,https://www.28hse.com/rent/apartment/property-3923062,2026-08-02T21:33:05.478720+00:00
3919667,藍澄灣中層超靚裝修2房租16500,青衣,藍澄灣,16500,451,2,1,利嘉閣地產有限公司,https://i1.28hse.com/2026/07/202607051940301978134_thumb.jpg,https://www.28hse.com/rent/apartment/property-3919667,2026-08-02T21:33:05.478720+00:00
3938877,{美聯俊仔}✦葵芳閣是日必走盤推薦✦全新裝修|同屋苑最平租盤|歡迎約睇,葵芳,葵芳閣,14500,415,2,1,美聯物業,https://i1.28hse.com/2026/07/202607191856045419838_thumb.jpg,https://www.28hse.com/rent/apartment/property-3938877,2026-08-02T21:33:05.478720+00:00
3932181,最後兩間!步行地鐵站2分鐘!!求好租客,葵芳,葵芳閣,15800,415,2,1,美聯物業,https://i1.28hse.com/2026/07/202607141841518109650_thumb.jpg,https://www.28hse.com/rent/apartment/property-3932181,2026-08-02T21:33:05.478720+00:00
3932162,地鐵上蓋!! 租盤最後倒數!!!好業主求好租客!可即時起租,葵芳,新葵芳花園,16800,415,2,1,美聯物業,https://i1.28hse.com/2026/07/202607141832592035778_thumb.jpg,https://www.28hse.com/rent/apartment/property-3932162,2026-08-02T21:33:05.478720+00:00
3915985,獨家新裝新冷氣優質極高層池景【美聯獨家開揚靚則2房匙盤】專營雍雅軒,葵涌,雍雅軒,17000,478,2,1,美聯物業,https://i1.28hse.com/2026/07/202607031625391148398_thumb.jpg,https://www.28hse.com/rent/apartment/property-3915985,2026-08-02T21:33:05.478720+00:00
3952360,有匙即睇/只要求好客/靚裝企理/市區上蓋,葵芳,新葵芳花園,17000,400,2,1,中原地產,https://i1.28hse.com/2026/07/202607301605467900386_thumb.jpg,https://www.28hse.com/rent/apartment/property-3952360,2026-08-02T21:33:05.478720+00:00
3922276,有泳池多種設施【葵涌卓傑專區】靚裝 近石籬商場 兩房企理 清靜光猛,葵涌,嘉翠園,15500,456,2,1,卓傑 -住宅分行,https://i1.28hse.com/2026/07/202607241250213132510_thumb.jpg,https://www.28hse.com/rent/apartment/property-3922276,2026-08-02T21:33:05.478720+00:00
3957076,葵芳 運芳洋樓 巳打通特大2房 平租$15000,葵芳,運芳洋樓,15000,476,2,1,置富地產代理有限公司,https://i1.28hse.com/2026/08/202608021837492131343_thumb.jpg,https://www.28hse.com/rent/apartment/property-3957076,2026-08-02T21:33:05.478720+00:00
3923841,ALICE推介高層直廳少有放盤，有票即傾,葵芳,新葵芳花園,17000,400,2,1,中原地產,https://i1.28hse.com/2026/07/202607081756187225749_thumb.jpg,https://www.28hse.com/rent/apartment/property-3923841,2026-08-02T21:33:05.478720+00:00
3948633,新葵芳花園企理兩房租,葵芳,新葵芳花園,16400,415,2,1,中原地產代理有限公司,https://i1.28hse.com/2026/07/202607271716142304234_thumb.jpg,https://www.28hse.com/rent/apartment/property-3948633,2026-08-02T21:33:05.478720+00:00
3947590,"東南兩房,清幽內園,連全屋傢俬基本電器出租,好客價錢易商量",葵涌,嘉翠園,15500,456,2,1,美聯物業,https://i1.28hse.com/2026/07/202607261854212664574_thumb.jpg,https://www.28hse.com/rent/apartment/property-3947590,2026-08-02T21:33:05.478720+00:00
3947316,［置富推介］新葵芳花園 2房2廳 平租$17000,葵芳,新葵芳花園,17000,415,2,1,置富地產代理有限公司,https://i1.28hse.com/2026/07/202607261655178971169_thumb.jpg,https://www.28hse.com/rent/apartment/property-3947316,2026-08-02T21:33:05.478720+00:00
3947050,業主全新換地板～靚裝大兩房～地鐵站旁～食買玩方便,葵芳,葵芳閣,15800,415,2,1,美聯物業,https://i1.28hse.com/2026/07/202607261444212042092_thumb.jpg,https://www.28hse.com/rent/apartment/property-3947050,2026-08-02T21:33:05.478720+00:00
3946443,2房實用 地鐵上蓋 大型商場 巴士總站 有匙引看,葵芳,新葵芳花園,17000,415,2,1,置富地產,https://i1.28hse.com/2026/07/202607251701398832252_thumb.jpg,https://www.28hse.com/rent/apartment/property-3946443,2026-08-02T21:33:05.478720+00:00
3925848,【中原Lily♡ Jay 筍盤】 有匙可約可傾/地鐵站上蓋/四正實用,葵芳,新葵芳花園,17000,418,2,1,中原地產,https://i1.28hse.com/2026/07/202607100643163412568_thumb.jpg,https://www.28hse.com/rent/apartment/property-3925848,2026-08-02T21:33:05.478720+00:00
3921492,【中原May Wong♡ 推介】 可傾筍租/有匙可睇/地鐵站上蓋/方廳實用,葵芳,新葵芳花園,17000,418,1,1,中原地產,https://i1.28hse.com/2026/07/202607100648006811561_thumb.jpg,https://www.28hse.com/rent/apartment/property-3921492,2026-08-02T21:33:05.478720+00:00
3919763,【中原地產·筍盤搵Jay Lin 】 磚地企裝/出入便利/地鐵上蓋,葵芳,新葵芳花園,17000,400,2,1,中原地產,https://i1.28hse.com/2026/07/20260705211540695454_thumb.jpg,https://www.28hse.com/rent/apartment/property-3919763,2026-08-02T21:33:05.478720+00:00
3916656,【中原Martin ♡ JAY租盤推介】 有裝難遇/有匙即睇/地鐵上蓋,葵芳,新葵芳花園,15800,415,2,1,中原地產,https://i1.28hse.com/2026/07/202607032011016921397_thumb.jpg,https://www.28hse.com/rent/apartment/property-3916656,2026-08-02T21:33:05.478720+00:00
3939425,葵芳站頂 屋苑兩房 鄰近新都會/葵廣 無懼風雨,葵芳,新葵芳花園,17000,415,2,1,置富地產,https://i1.28hse.com/2026/07/202607271344226302914_thumb.jpg,https://www.28hse.com/rent/apartment/property-3939425,2026-08-02T21:33:05.478720+00:00
3927711,企理四正高揚,葵涌,葵華大廈,10500,410,2,1,裕新地產有限公司,https://i1.28hse.com/2026/07/20260719122107331794_thumb.jpg,https://www.28hse.com/rent/apartment/property-3927711,2026-08-02T21:33:05.478720+00:00
3925741,【中原Lily Li♡ May Wong筍盤】 有匙有裝/近地鐵/配套方便,葵芳,葵芳閣,16500,415,3,2,中原地產,https://i1.28hse.com/2026/07/202607202034096613936_thumb.jpg,https://www.28hse.com/rent/apartment/property-3925741,2026-08-02T21:33:05.478720+00:00
3932204,葵芳洋樓 兩房一大廳 企理裝修 租金特平 實盤可睇,葵芳,單幢樓房,13800,410,2,1,富樂地產物業有限公司,https://i1.28hse.com/2026/07/202607141853476152957_thumb.jpg,https://www.28hse.com/rent/apartment/property-3932204,2026-08-02T21:33:05.478720+00:00
3888078,"葵芳洋樓3房單位放租,近葵芳地鐵站,實盤可睇.",葵芳,單幢樓房,16500,456,3,1,富樂地產物業有限公司,https://i1.28hse.com/2026/07/202607141633552691484_thumb.jpg,https://www.28hse.com/rent/apartment/property-3888078,2026-08-02T21:33:05.478720+00:00
3918793,葵芳站 新葵芳花園 2房+有裝修,葵芳,新葵芳花園,17000,418,2,1,置富地產代理有限公司,https://i1.28hse.com/2026/07/202607051238314645253_thumb.jpg,https://www.28hse.com/rent/apartment/property-3918793,2026-08-02T21:33:05.478720+00:00
3948434,[富裕地產高層極靚景放租] 直廳兩房向西南* 企理即住* 有匙即睇*,荃灣,荃威花園,15000,480,2,1,富裕地產荃威分行,https://i1.28hse.com/2026/07/202607271558023818285_thumb.jpg,https://www.28hse.com/rent/apartment/property-3948434,2026-08-02T21:33:05.478720+00:00
3941114,優美寧靜 山景兩房,荃灣,荃威花園,14000,477,2,1,中原地產代理有限公司,https://i1.28hse.com/2026/07/202607211812537859784_thumb.jpg,https://www.28hse.com/rent/apartment/property-3941114,2026-08-02T21:33:05.478720+00:00
3935800,保證最平 有匙即睇平筍租,荃灣,綠楊新邨,16000,451,2,1,美聯物業,https://i1.28hse.com/2026/07/202607171624266945138_thumb.jpg,https://www.28hse.com/rent/apartment/property-3935800,2026-08-02T21:33:05.478720+00:00
3928297,保證最平 兩房筍租 隨時可以睇,荃灣,海濱花園,15800,419,2,1,美聯物業,https://i1.28hse.com/2026/07/202607111724052758796_thumb.jpg,https://www.28hse.com/rent/apartment/property-3928297,2026-08-02T21:33:05.478720+00:00
3945326,[富裕地產獨家超筍放租] 直廳兩房開陽有海景* 可養貓* 全場最平*,荃灣,荃威花園,14000,457,2,1,富裕地產荃威分行,https://i1.28hse.com/2026/07/202607241823397613342_thumb.jpg,https://www.28hse.com/rent/apartment/property-3945326,2026-08-02T21:33:05.478720+00:00
3943905,熟業主推介 兩大房高層多窗 有匙睇樓,荃灣,荃景花園,13800,408,2,1,盛業地產代理有限公司,https://i1.28hse.com/2026/07/202607251440481715964_thumb.jpg,https://www.28hse.com/rent/apartment/property-3943905,2026-08-02T21:33:05.478720+00:00
3939673,間隔四正,荃灣,荃景花園,17000,551,3,1,美聯物業,https://i1.28hse.com/2026/07/202607201619551038234_thumb.jpg,https://www.28hse.com/rent/apartment/property-3939673,2026-08-02T21:33:05.478720+00:00
3937070,[富裕地產向西南可寵物單位放租] 直廳兩房* 廚廁有裝* 可養竉物 易傾相熟業主,荃灣,荃威花園,14800,480,2,1,富裕地產荃威分行,https://i1.28hse.com/2026/07/202607181412195644054_thumb.jpg,https://www.28hse.com/rent/apartment/property-3937070,2026-08-02T21:33:05.478720+00:00
3930338,***兩房改一房！！****快D pm我啦,荃灣,海濱花園,16500,422,1,1,中原地產代理有限公司,https://i1.28hse.com/2026/07/202607131503246858236_thumb.jpg,https://www.28hse.com/rent/apartment/property-3930338,2026-08-02T21:33:05.478720+00:00
3928835,[真 筍租] 新淨企理 荃西最抵租兩房,荃灣,海濱花園,15800,419,2,1,美聯物業,https://i1.28hse.com/2026/07/202607121112197177913_thumb.jpg,https://www.28hse.com/rent/apartment/property-3928835,2026-08-02T21:33:05.478720+00:00
3926602,荃景花園[田邦置業] 兩房高層 多窗 鄰近大型商場,荃灣,荃景花園,14000,408,2,1,田邦置業有限公司,https://i1.28hse.com/2026/07/202607251538123081441_thumb.jpg,https://www.28hse.com/rent/apartment/property-3926602,2026-08-02T21:33:05.478720+00:00
3921127,✰兩房兩廳✿連士多房✿相熟業主可傾✰{富裕地產精選推介},荃灣,荃灣中心,14500,422,2,,富裕地產荃中第二分行,https://i1.28hse.com/2026/08/202608011729178533866_thumb.jpg,https://www.28hse.com/rent/apartment/property-3921127,2026-08-02T21:33:05.478720+00:00
3918368,兩大房巨廳 無敵光猛遠景開揚,荃灣,荃威花園,15800,533,2,1,盛業地產代理有限公司,https://i1.28hse.com/2026/07/20260720135927993874_thumb.jpg,https://www.28hse.com/rent/apartment/property-3918368,2026-08-02T21:33:05.478720+00:00
3957167,實用兩房，雅裝企理，歡迎查詢,荃灣,翠濤閣,17000,477,2,,利嘉閣地產有限公司,https://i1.28hse.com/2026/08/202608021944338367243_thumb.jpg,https://www.28hse.com/rent/apartment/property-3957167,2026-08-02T21:33:05.478720+00:00
3956721,企理靚裝,荃灣,荃威花園,14500,477,2,,美聯物業,https://i1.28hse.com/2026/08/202608021622113055086_thumb.jpg,https://www.28hse.com/rent/apartment/property-3956721,2026-08-02T21:33:05.478720+00:00
354047,業主免佣！荃灣區最平最新豪裝三房！,大窩口,,13000,400,3,,,https://i1.28hse.com/2021/04/202104121125073947116_thumb.jpg,https://www.28hse.com/rent/apartment/property-354047,2026-08-02T21:33:05.478720+00:00
1599602,有匙引看、三房一廳,荃灣,荃樂大廈,15000,406,3,1,天祥置業代理有限公司,https://i1.28hse.com/2026/08/202608020900083454433_thumb.jpg,https://www.28hse.com/rent/apartment/property-1599602,2026-08-02T21:33:05.478720+00:00
2361041,獨家~罕有開揚實盤企理兩房,荃灣,康睦庭園,17000,465,2,1,環宇物業,https://i1.28hse.com/2026/08/202608011500223528186_thumb.jpg,https://www.28hse.com/rent/apartment/property-2361041,2026-08-02T21:33:05.478720+00:00
3954476,即約即睇 獨家盤,荃灣,荃威花園,13500,536,2,1,美聯物業,https://i1.28hse.com/2026/08/202608030230455828243_thumb.jpg,https://www.28hse.com/rent/apartment/property-3954476,2026-08-02T21:33:05.478720+00:00
3953767,即約即睇 最新委托,荃灣,翠豐臺,16500,455,2,1,美聯物業,https://i1.28hse.com/2026/07/202607311653145953121_thumb.jpg,https://www.28hse.com/rent/apartment/property-3953767,2026-08-02T21:33:05.478720+00:00
3943529,[日訊物業好多盤] 新盤二房荀租 實用企理 等你約睇,荃灣,海濱花園,16000,450,2,1,日訊物業代理有限公司,https://i1.28hse.com/2026/07/202607231628184911172_thumb.jpg,https://www.28hse.com/rent/apartment/property-3943529,2026-08-02T21:33:05.478720+00:00
3953121,大型屋苑的大主人套房連獨自浴室出租,荃灣,愉景新城,7000,682,1,1,,https://i1.28hse.com/2026/07/20260731105657129891_thumb.jpg,https://www.28hse.com/rent/apartment/property-3953121,2026-08-02T21:33:05.478720+00:00
3948944,《全權獨家代理》兩房一廳 清幽內園,荃灣,麗城花園,16000,481,2,1,家樂置業(麗城花園),https://i1.28hse.com/2026/07/202607272003192525322_thumb.jpg,https://www.28hse.com/rent/apartment/property-3948944,2026-08-02T21:33:05.478720+00:00
3947565,『荃威最靚兩房』『拎包入住 價錢可議』『歡迎查詢即約即睇』,荃灣,荃威花園,14800,480,2,1,美聯物業代理有限公司,https://i1.28hse.com/2026/07/20260726184040665833_thumb.jpg,https://www.28hse.com/rent/apartment/property-3947565,2026-08-02T21:33:05.478720+00:00
3946492,家興大廈［田邦置業］實用439呎 兩房 景觀開揚 企理裝修,荃灣,家興大廈,15000,439,2,1,田邦置業有限公司,https://i1.28hse.com/2026/07/20260725171813172059_thumb.jpg,https://www.28hse.com/rent/apartment/property-3946492,2026-08-02T21:33:05.478720+00:00
3902925,眾安街85號 [業主盤] 新裝修單位出租,荃灣,眾安街85號,9900,500,2,1,,https://i1.28hse.com/2026/08/202608030326046119615_thumb.jpg,https://www.28hse.com/rent/apartment/property-3902925,2026-08-02T21:33:05.478720+00:00
3921724,[富裕地產匙盤精選] ● 有匙即睇 ● 2房 ● 房大廳大●相熟業主,荃灣,荃灣中心,13000,425,2,,富裕地產荃中第一分行,https://i1.28hse.com/2026/07/202607141811434718935_thumb.jpg,https://www.28hse.com/rent/apartment/property-3921724,2026-08-02T21:33:05.478720+00:00
3921802,[富裕地產傢電齊推介] 2房即住● 有床柜 ● 高層開揚 ● 有雪洗,荃灣,荃景花園,16000,408,2,,富裕地產荃中第一分行,https://i1.28hse.com/2026/07/202607071416424742306_thumb.jpg,https://www.28hse.com/rent/apartment/property-3921802,2026-08-02T21:33:05.478720+00:00
3940201,廳大 房大 開揚,荃灣,荃威花園,16000,533,2,1,中華置業,https://i1.28hse.com/2026/07/202607271943378119117_thumb.jpg,https://www.28hse.com/rent/apartment/property-3940201,2026-08-02T21:33:05.478720+00:00
3789449,"3房1廳,有電梯,近地鐵站(真實盤)",荃灣,荃樂大廈,14800,406,3,1,荃富物業代理有限公司,https://i1.28hse.com/2026/08/202608021551198071260_thumb.jpg,https://www.28hse.com/rent/apartment/property-3789449,2026-08-02T21:33:05.478720+00:00
3943217,荃灣市中心．高層靚裝2房｜實用至上 租盤推介️,荃灣,荃景花園,13800,408,2,1,美聯物業,https://i1.28hse.com/2026/07/202607231418466556397_thumb.jpg,https://www.28hse.com/rent/apartment/property-3943217,2026-08-02T21:33:05.478720+00:00
3942630,無敵兩大房大廳 筍爆 有匙即看,荃灣,荃威花園,14200,477,2,1,盛業地產代理有限公司,https://i1.28hse.com/2026/07/202607222018127032780_thumb.jpg,https://www.28hse.com/rent/apartment/property-3942630,2026-08-02T21:33:05.478720+00:00
3942624,【筍】※獨家※靚裝兩房 四正好用 翠綠山景 歡迎約睇,荃灣,荃威花園,15500,480,2,1,金國置業,https://i1.28hse.com/2026/07/202607222013156156148_thumb.jpg,https://www.28hse.com/rent/apartment/property-3942624,2026-08-02T21:33:05.478720+00:00
3941104,2房2廳近地鐵站(真實盤),荃灣,東亞花園,15800,460,2,1,荃富物業代理有限公司,https://i1.28hse.com/2026/07/20260724131719232434_thumb.jpg,https://www.28hse.com/rent/apartment/property-3941104,2026-08-02T21:33:05.478720+00:00
3939699,原裝間隔一房一大廳,荃灣,爵悅庭,16800,464,1,1,好景地產置業有限公司,https://i1.28hse.com/2026/07/202607201629242526580_thumb.jpg,https://www.28hse.com/rent/apartment/property-3939699,2026-08-02T21:33:05.478720+00:00
3938130,景觀開揚，設備齊全，交通方便。,荃灣,家興大廈,15000,439,2,1,,https://i1.28hse.com/2026/07/202607191719258519557_thumb.jpg,https://www.28hse.com/rent/apartment/property-3938130,2026-08-02T21:33:05.478720+00:00
3939099,靚裝吉屋 即約即睇 18區,荃灣,麗城花園,16300,470,2,1,美聯物業,https://i1.28hse.com/2026/07/20260719235113891541_thumb.jpg,https://www.28hse.com/rent/apartment/property-3939099,2026-08-02T21:33:05.478720+00:00
3938576,開揚單邊兩房 可養寵物,荃灣,荃威花園,13500,439,2,,高盛物業,https://i1.28hse.com/2026/07/202607191619043138692_thumb.jpg,https://www.28hse.com/rent/apartment/property-3938576,2026-08-02T21:33:05.478720+00:00
3932120,兩房兩大廳 車到門口 有匙即看,荃灣,荃灣中心,13500,425,2,1,盛業地產代理有限公司,https://i1.28hse.com/2026/07/202607221751333452874_thumb.jpg,https://www.28hse.com/rent/apartment/property-3932120,2026-08-02T21:33:05.478720+00:00
3837574,東南開揚海景,荃灣,荃威花園,14500,468,2,1,卓龍地產代理有限公司,https://i1.28hse.com/2026/07/202607071846182020504_thumb.jpg,https://www.28hse.com/rent/apartment/property-3837574,2026-08-02T21:33:05.478720+00:00
3936374,高層開揚 包裝修傢電 拎包即住 大型屋苑,荃灣,荃景花園,16000,408,2,1,美聯物業,https://i1.28hse.com/2026/07/202607181918013124927_thumb.jpg,https://www.28hse.com/rent/apartment/property-3936374,2026-08-02T21:33:05.478720+00:00
3846778,二期兩大房巨廳 山景開揚,荃灣,荃景花園,15500,431,2,1,盛業地產代理有限公司,https://i1.28hse.com/estate_data/113/4574/FLOOR/4574_20231121014655425713_thumb.jpg,https://www.28hse.com/rent/apartment/property-3846778,2026-08-02T21:33:05.478720+00:00
3917769,[日訊物業好多盤] 靚裝二房 8月中準時交吉,荃灣,海濱花園,16500,419,2,1,日訊物業代理有限公司,https://i1.28hse.com/2026/07/202607041529007998848_thumb.jpg,https://www.28hse.com/rent/apartment/property-3917769,2026-08-02T21:33:05.478720+00:00
3918035,[日訊物業推介] 罕有租盤 環境清幽 把握機會,荃灣,荃威花園,15800,533,2,1,日訊物業代理有限公司,https://i1.28hse.com/2026/07/202607041715241458360_thumb.jpg,https://www.28hse.com/rent/apartment/property-3918035,2026-08-02T21:33:05.478720+00:00
3920863,[日訊物業好多盤] 翻新中二房 有匙即睇,荃灣,海濱花園,16000,422,2,1,日訊物業代理有限公司,https://i1.28hse.com/2026/07/202607221354204979143_thumb.jpg,https://www.28hse.com/rent/apartment/property-3920863,2026-08-02T21:33:05.478720+00:00
3923570,[日訊物業獨家盤] 荀租二房 企理裝修 有匙即睇,荃灣,海濱花園,16000,450,2,1,日訊物業代理有限公司,https://i1.28hse.com/2026/07/202607081633285001776_thumb.jpg,https://www.28hse.com/rent/apartment/property-3923570,2026-08-02T21:33:05.478720+00:00
3930985,"臨近地鐵站大3房租盤首選, 清雅裝修,核心地段",荃灣,昌耀大廈,17000,461,3,1,中原地產代理限公司,https://i1.28hse.com/2026/07/202607191524218867756_thumb.jpg,https://www.28hse.com/rent/apartment/property-3930985,2026-08-02T21:33:05.478720+00:00
3929591,最新租盤✚▛山景𝟐房▟✚靚裝即住✚好客可再傾價✚保證實盤✚歡迎致電,荃灣,荃威花園,14500,477,2,1,中原地產代理限公司,https://i1.28hse.com/2026/07/202607121842018339146_thumb.jpg,https://www.28hse.com/rent/apartment/property-3929591,2026-08-02T21:33:05.478720+00:00
3927203,[7月下旬精選] 西鐵站屋苑 抵租2房,荃灣,海濱花園,16800,422,1,1,美聯物業,https://i1.28hse.com/2026/07/202607251725081369684_thumb.jpg,https://www.28hse.com/rent/apartment/property-3927203,2026-08-02T21:33:05.478720+00:00
3882985,𖥔𖥔𖥔݁𖠰 ݁↟內園有裝𖥔𖥔𖥔,荃灣,海濱花園,16500,421,1,1,居而安物業,https://i1.28hse.com/2026/07/202607271059467124257_thumb.jpg,https://www.28hse.com/rent/apartment/property-3882985,2026-08-02T21:33:05.478720+00:00
3925790,業主免佣，荃威花園P座極高層，向南海景，冬暖夏涼，靚單位出租,荃灣,荃威花園,16000,533,2,1,,https://i1.28hse.com/2026/07/202607100026145824039_thumb.jpg,https://www.28hse.com/rent/apartment/property-3925790,2026-08-02T21:33:05.478720+00:00
3924296,翠豐臺 2房筍盤｜62校網｜荃灣市中心首選,荃灣,翠豐臺,16500,446,2,1,美聯物業,https://i1.28hse.com/2026/07/202607090711116882492_thumb.jpg,https://www.28hse.com/rent/apartment/property-3924296,2026-08-02T21:33:05.478720+00:00
3921362,可步行地鐵站村屋(可寵)700呎(兩房•兩廁)帶裝修!,荃灣,村屋,14800,700,2,,田邦置業有限公司,https://i1.28hse.com/2026/07/202607062311055096422_thumb.jpg,https://www.28hse.com/rent/apartment/property-3921362,2026-08-02T21:33:05.478720+00:00
3920986,(永誠置業 全部實盤) 昇柏山 可小貓 綠悠山景 兩房連露台 罕有放盤,荃灣,昇柏山,16500,522,2,1,永誠置業代理有限公司,https://i1.28hse.com/2026/07/202607061820551318222_thumb.jpg,https://www.28hse.com/rent/apartment/property-3920986,2026-08-02T21:33:05.478720+00:00
3917260,地點優勢！環境舒適！,荃灣,綠楊新邨,16800,445,2,1,中原地產代理有限公司,https://i1.28hse.com/2026/07/202607041227181473553_thumb.jpg,https://www.28hse.com/rent/apartment/property-3917260,2026-08-02T21:33:05.478720+00:00
3917297,抵住！有匙即看！,荃灣,荃景花園,14000,408,2,1,中原地產代理有限公司,https://i1.28hse.com/2026/07/202607041239505948307_thumb.jpg,https://www.28hse.com/rent/apartment/property-3917297,2026-08-02T21:33:05.478720+00:00
3870806,2樓連天台、樓齡新、乾淨企理、不可養竉物,清水灣,,13000,450,2,,,https://i1.28hse.com/2026/06/202606011239261555223_thumb.jpg,https://www.28hse.com/rent/apartment/property-3870806,2026-08-02T21:33:05.478720+00:00
3869376,二房一厠、中層不貓不狗、車位另租$1500,清水灣,下洋村,15800,700,2,1,天富基業地產,https://i1.28hse.com/2026/07/202607161307525181516_thumb.jpg,https://www.28hse.com/rent/apartment/property-3869376,2026-08-02T21:33:05.478720+00:00
3954862,大網仔村樓新固定車位四面單邊開揚景,西貢,村屋,12000,700,3,,厚達地產有限公司,https://i1.28hse.com/2026/08/202608011343528654918_thumb.jpg,https://www.28hse.com/rent/apartment/property-3954862,2026-08-02T21:33:05.478720+00:00
3954792,乾淨多窗 抵住三房連天台,西貢,村屋,13900,700,3,1,厚達地產有限公司,https://i1.28hse.com/2026/08/202608011309041319040_thumb.jpg,https://www.28hse.com/rent/apartment/property-3954792,2026-08-02T21:33:05.478720+00:00
3947284,近路方便樓齡新 私家花園,西貢,村屋,17000,700,2,1,厚達地產有限公司,https://i1.28hse.com/2026/07/202607261643192899253_thumb.jpg,https://www.28hse.com/rent/apartment/property-3947284,2026-08-02T21:33:05.478720+00:00
3949884,私家圍牆花園大約 400呎 可寵物步行15分鐘到西貢市,西貢,村屋,16000,600,2,1,厚達地產有限公司,https://i1.28hse.com/2026/07/202607301035554775704_thumb.jpg,https://www.28hse.com/rent/apartment/property-3949884,2026-08-02T21:33:05.478720+00:00
3769089,西貢半山靚裝地下+花園租售,西貢,村屋,13000,700,2,2,厚達地產有限公司,https://i1.28hse.com/2026/03/20260312114043940116_thumb.jpg,https://www.28hse.com/rent/apartment/property-3769089,2026-08-02T21:33:05.478720+00:00
3842523,西貢頭靚裝中層近路平租,西貢,村屋,13500,700,3,2,厚達地產有限公司,https://i1.28hse.com/2026/06/202606261611172865853_thumb.jpg,https://www.28hse.com/rent/apartment/property-3842523,2026-08-02T21:33:05.478720+00:00
3952041,"鄰近西貢市中心,小巴直達,連1個固定車位",西貢,菠蘿輋村,15500,630,1,1,港基地產代理有限公司,https://i1.28hse.com/2026/07/202607301335108147312_thumb.jpg,https://www.28hse.com/rent/apartment/property-3952041,2026-08-02T21:33:05.478720+00:00
3890051,西貢近市近路方便3房地下平租,西貢,村屋,13800,700,3,1,厚達地產有限公司,https://i1.28hse.com/2026/07/202607241305433414372_thumb.jpg,https://www.28hse.com/rent/apartment/property-3890051,2026-08-02T21:33:05.478720+00:00
3899084,西貢半山靚裝兩房頂樓連天台平租,西貢,村屋,10000,430,2,1,厚達地產有限公司,https://i1.28hse.com/2026/06/202606201557491662357_thumb.jpg,https://www.28hse.com/rent/apartment/property-3899084,2026-08-02T21:33:05.478720+00:00
3400758,西貢海景兩房地下平租,西貢,村屋,10500,500,2,1,厚達地產有限公司,https://i1.28hse.com/2025/10/202510111124452496625_thumb.jpg,https://www.28hse.com/rent/apartment/property-3400758,2026-08-02T21:33:05.478720+00:00
3811739,西貢頭兩房開揚地下+花園平租,西貢,村屋,9000,400,2,1,厚達地產有限公司,https://i1.28hse.com/2026/07/202607051116417973449_thumb.jpg,https://www.28hse.com/rent/apartment/property-3811739,2026-08-02T21:33:05.478720+00:00
3935971,西貢近市村屋 (高樓底+新裝修+近路方便!),西貢,村屋,15000,495,2,1,港基地產代理有限公司,https://i1.28hse.com/2026/07/202607171721044167584_thumb.jpg,https://www.28hse.com/rent/apartment/property-3935971,2026-08-02T21:33:05.478720+00:00
3928353,西貢靚裝地下+花園平租,西貢,村屋,16000,700,3,1,厚達地產有限公司,https://i1.28hse.com/2026/07/202607181556448485984_thumb.jpg,https://www.28hse.com/rent/apartment/property-3928353,2026-08-02T21:33:05.478720+00:00
3843154,西貢近市三樓連天台平租,西貢,村屋,17000,700,3,1,厚達地產有限公司,https://i1.28hse.com/2026/06/20260616155108308607_thumb.jpg,https://www.28hse.com/rent/apartment/property-3843154,2026-08-02T21:33:05.478720+00:00
3762754,西貢兩房三樓連天台平租,西貢,村屋,10000,400,2,1,厚達地產有限公司,https://i1.28hse.com/2026/05/202605041106215549104_thumb.jpg,https://www.28hse.com/rent/apartment/property-3762754,2026-08-02T21:33:05.478720+00:00
3445671,可以養細狗、三房一廁所、地下蓮花園,西貢,,14000,700,3,1,天富基業地產,https://i1.28hse.com/2026/07/202607111624534042003_thumb.jpg,https://www.28hse.com/rent/apartment/property-3445671,2026-08-02T21:33:05.478720+00:00
3731898,西貢樓新靚裝2房地下圍牆花園平租,西貢,村屋,17000,700,2,1,厚達地產有限公司,https://i1.28hse.com/2026/07/202607151444461982278_thumb.jpg,https://www.28hse.com/rent/apartment/property-3731898,2026-08-02T21:33:05.478720+00:00
3880252,西貢頭靚裝三樓連天台放租,西貢,村屋,13000,400,1,1,厚達地產有限公司,https://i1.28hse.com/2026/07/202607301634593942037_thumb.jpg,https://www.28hse.com/rent/apartment/property-3880252,2026-08-02T21:33:05.478720+00:00
3602402,西貢頭頂樓+有蓋天台平租,西貢,村屋,8500,400,1,1,厚達地產有限公司,https://i1.28hse.com/2026/05/202605301852152488222_thumb.jpg,https://www.28hse.com/rent/apartment/property-3602402,2026-08-02T21:33:05.478720+00:00
3961751,超平租 歡迎大學生 雅裝2房 傢電齊 拎包入住 步行10分鐘至港大,石塘咀,再發大廈,17000,466,2,1,樂家物業有限公司,https://i1.28hse.com/2026/08/202608060216486729232_thumb.jpg,https://www.28hse.com/rent/apartment/property-3961751,2026-08-05T20:41:00.873779+00:00
3960211,【VR/圖則】行樓梯 / 近地鐵 / 天台,西營盤,西邊街8-10號,15500,425,2,1,小村置業有限公司,https://i1.28hse.com/2026/08/20260804222723830494_thumb.jpg,https://www.28hse.com/rent/apartment/property-3960211,2026-08-05T20:41:00.873779+00:00
3953281,红磡海湾轩100%海景单位，有泳池，健身房，兵乓球室，卓球室，麻将室，室外泳池,紅磡,,13000,560,2,1,,https://i1.28hse.com/2026/07/20260731124852134096_thumb.jpg,https://www.28hse.com/rent/apartment/property-3953281,2026-08-05T20:41:00.873779+00:00
3961495,尖沙咀地鐵上蓋平地電梯3房套客飯廳廚廁合家庭學生宿舍,尖沙咀,華源大廈,16300,478,3,4,金國置業,https://i1.28hse.com/2026/08/202608051955425264782_thumb.jpg,https://www.28hse.com/rent/apartment/property-3961495,2026-08-05T20:41:00.873779+00:00
3692248,高層兩房兩廁 海景單位 鄰近地鐵,尖沙咀,恆星樓,16800,431,2,2,嘉憶地產,https://i1.28hse.com/2026/07/202607311919493508324_thumb.jpg,https://www.28hse.com/rent/apartment/property-3692248,2026-08-05T20:41:00.873779+00:00
3960139,佐敦地鐵至荀傢電2房開揚光猛,佐敦,儉德大廈,15500,611,2,1,金國置業,https://i1.28hse.com/2026/08/202608042027516447258_thumb.jpg,https://www.28hse.com/rent/apartment/property-3960139,2026-08-05T20:41:00.873779+00:00
3959737,地鐵站出口 2分鐘 高層開揚 實用2房靚裝 有匙即睇快者得,佐敦,金寶樓,16800,407,2,1,金國置業,https://i1.28hse.com/2026/08/202608041703234409413_thumb.jpg,https://www.28hse.com/rent/apartment/property-3959737,2026-08-05T20:41:00.873779+00:00
3959479,"佐敦核心交通方便,平地電梯地鐵站一分鐘",佐敦,百誠大廈,16900,468,2,1,中興地產有限公司,https://i1.28hse.com/2026/08/202608041530007138796_thumb.jpg,https://www.28hse.com/rent/apartment/property-3959479,2026-08-05T20:41:00.873779+00:00
3959268,傢俬電器齊！有匙！適合家庭/學生合租 有匙即睇,佐敦,文景樓,17000,510,3,1,中興地產有限公司,https://i1.28hse.com/2026/08/202608041344462918365_thumb.jpg,https://www.28hse.com/rent/apartment/property-3959268,2026-08-05T20:41:00.873779+00:00
3944143,儉德超寬大廳偏廳 兩房 傢俬電器齊備 明廁 開放式明火煮食 另放3.2M,佐敦,儉德大廈,15500,611,2,1,駿輝地產旺角有限公司,https://i1.28hse.com/2026/08/202608032247598424044_thumb.jpg,https://www.28hse.com/rent/apartment/property-3944143,2026-08-05T20:41:00.873779+00:00
3938798,佐敦！2房大廳！407尺！2分鐘地鐵！【金寶樓】房大廳大 合家庭客！有電梯,佐敦,,17000,407,2,1,駿輝地產發展有限公司,https://i1.28hse.com/2026/08/202608031738426086198_thumb.jpg,https://www.28hse.com/rent/apartment/property-3938798,2026-08-05T20:41:00.873779+00:00
3892770,油麻地彌敦道 611呎大兩房 港生合租首選 極速直達理大城大浸大,佐敦,儉德大廈,15000,611,2,,駿輝地產旺角有限公司,https://i1.28hse.com/2026/08/202608031918422861010_thumb.jpg,https://www.28hse.com/rent/apartment/property-3892770,2026-08-05T20:41:00.873779+00:00
3933532,4/8 有匙 地鐵口 2房 有傢俱,佐敦,金寶樓,17000,407,2,1,駿輝地產投資有限公司,https://i1.28hse.com/2026/08/202608041527484505407_thumb.jpg,https://www.28hse.com/rent/apartment/property-3933532,2026-08-05T20:41:00.873779+00:00
3927334,{誠意推介} 佐敦近港鐵 雅裝2房大廳 相熟好業主,佐敦,百誠大廈,16500,473,2,1,中興地產有限公司,https://i1.28hse.com/2026/08/202608031802181938506_thumb.jpg,https://www.28hse.com/rent/apartment/property-3927334,2026-08-05T20:41:00.873779+00:00
3961372,突發！「九千五兩房」堅～旺角！是正裝修！房大廳超大！歡迎學生！要快快快～,旺角,康寧大廈,9500,495,2,1,廣信地產顧問有限公司,https://i1.28hse.com/2026/08/202608051846434351370_thumb.jpg,https://www.28hse.com/rent/apartment/property-3961372,2026-08-05T20:41:00.873779+00:00
3296995,旺角2房雅裝間隔實用房大廳大,旺角,得寶大廈,16000,407,2,1,明威置業,https://i1.28hse.com/2026/08/202608032119543659608_thumb.jpg,https://www.28hse.com/rent/apartment/property-3296995,2026-08-05T20:41:00.873779+00:00
3960209,太子福耀大廈三房一廳租16800,太子,單幢樓房,16800,500,3,1,旗昌地產公司,https://i1.28hse.com/2026/08/202608042222562317312_thumb.jpg,https://www.28hse.com/rent/apartment/property-3960209,2026-08-05T20:41:00.873779+00:00
3957691,太子地鐵 套三房連天台,太子,康齡大廈,16800,471,3,,安居地產,https://i1.28hse.com/2026/08/202608031319396492292_thumb.jpg,https://www.28hse.com/rent/apartment/property-3957691,2026-08-05T20:41:00.873779+00:00
3948929,新裝修2房，近地鐵，唐樓5/F,太子,雅蘭大廈,12000,400,2,1,駿輝地產投資有限公司,https://i1.28hse.com/2026/08/202608032156164535336_thumb.jpg,https://www.28hse.com/rent/apartment/property-3948929,2026-08-05T20:41:00.873779+00:00
3901906,"【寶興大廈】兩房一廳, 齊傢俬, 平地電梯, 4分鐘到太子站。",太子,寶興大廈,16800,405,2,1,鴻利物業代理有限公司,https://i1.28hse.com/2026/08/202608041622106086363_thumb.jpg,https://www.28hse.com/rent/apartment/property-3901906,2026-08-05T20:41:00.873779+00:00
3844967,"長沙灣兩房一廳優質盤, 地點極佳 交通便利!",長沙灣,,9900,400,2,1,奧思房產,https://i1.28hse.com/2026/08/202608041616042724747_thumb.jpg,https://www.28hse.com/rent/apartment/property-3844967,2026-08-05T20:41:00.873779+00:00
3734028,"長沙灣兩房一廳筍盤, 地點交通便利!",長沙灣,,10500,400,2,1,奧思房產,https://i1.28hse.com/2026/08/202608041624082670667_thumb.jpg,https://www.28hse.com/rent/apartment/property-3734028,2026-08-05T20:41:00.873779+00:00
3961192,((全新豪裝))夾租恩物 三間套房 仲有廳仔 可租宿舍/學生合租/長租,深水埗,南昌樓,15500,431,3,3,廣信地產顧問有限公司,https://i1.28hse.com/2026/08/202608051738052548910_thumb.jpg,https://www.28hse.com/rent/apartment/property-3961192,2026-08-05T20:41:00.873779+00:00
3914283,近地鐵 唐6樓 三房一廳 連天台,深水埗,唐樓,9800,450,3,1,城市地產,https://i1.28hse.com/2026/08/202608042252261714413_thumb.jpg,https://www.28hse.com/rent/apartment/property-3914283,2026-08-05T20:41:00.873779+00:00
3933452,新蒲崗唐樓中層二房企理420尺租$11500⋯⋯可以租員工宿舍,新蒲崗,安強大樓,11500,420,2,1,嬌陽地產,https://i1.28hse.com/2026/08/202608031708337825073_thumb.jpg,https://www.28hse.com/rent/apartment/property-3933452,2026-08-05T20:41:00.873779+00:00
3926754,新蒲崗洋樓→崇齡大廈-1面東南窗2房1廳.,新蒲崗,,14500,412,2,1,宏龍地產代理,https://i1.28hse.com/2026/08/202608032000315984644_thumb.jpg,https://www.28hse.com/rent/apartment/property-3926754,2026-08-05T20:41:00.873779+00:00
3958524,"41校網400呎唐樓兩房，已翻新裝修 [業主盤, 免佣]",九龍城,,13200,400,2,1,,https://i1.28hse.com/2026/08/202608031855551196040_thumb.jpg,https://www.28hse.com/rent/apartment/property-3958524,2026-08-05T20:41:00.873779+00:00
3960947,"干净企理,独家有匙",土瓜灣,,9900,466,3,1,富榮物業有限公司,https://i1.28hse.com/2026/08/202608051602273735521_thumb.jpg,https://www.28hse.com/rent/apartment/property-3960947,2026-08-05T20:41:00.873779+00:00
3960244,☞500幾呎大兩房 ☞單邊街窗有空氣 地鐵 電梯兩房 校網 有匙即看 還價即成,土瓜灣,譚公大廈,14500,502,2,1,東成地產,https://i1.28hse.com/2026/08/202608042346362754331_thumb.jpg,https://www.28hse.com/rent/apartment/property-3960244,2026-08-05T20:41:00.873779+00:00
3913305,全新豪裝，地鐵站上蓋,土瓜灣,益豐大廈,15800,500,2,1,寶怡物業代理公司,https://i1.28hse.com/2026/07/202607291422113604847_thumb.jpg,https://www.28hse.com/rent/apartment/property-3913305,2026-08-05T20:41:00.873779+00:00
3954671,"全新豪裝兩房兩廳,即約即睇",土瓜灣,偉恆昌新村,17000,409,2,1,錦隆物業代理,https://i1.28hse.com/2026/08/202608051841077723810_thumb.jpg,https://www.28hse.com/rent/apartment/property-3954671,2026-08-05T20:41:00.873779+00:00
3961451,大兩房 靚裝 近地鐵 有匙,葵芳,運芳洋樓,15000,476,2,1,置富地產,https://i1.28hse.com/2026/08/202608051926472013175_thumb.jpg,https://www.28hse.com/rent/apartment/property-3961451,2026-08-05T20:41:00.873779+00:00
3961045,昌鴻大廈 開揚高層 3房 約406尺 近地鐵葵廣 平租$15000,葵涌,昌鴻大廈,15000,406,3,1,置富地產,https://i1.28hse.com/2026/08/202608051641067608815_thumb.jpg,https://www.28hse.com/rent/apartment/property-3961045,2026-08-05T20:41:00.873779+00:00
3960507,$12800荃灣核心．錦豐園 2座低層G室｜實用434呎兩房放租推介,荃灣,錦豐園,12800,434,2,1,美聯物業,https://i1.28hse.com/2026/08/20260805121440875032_thumb.jpg,https://www.28hse.com/rent/apartment/property-3960507,2026-08-05T20:41:00.873779+00:00
3959659,靚裝大兩房 《新放》,荃灣,荃景花園,14800,434,2,1,中原地產代理有限公司,https://i1.28hse.com/2026/08/202608041636276293364_thumb.jpg,https://www.28hse.com/rent/apartment/property-3959659,2026-08-05T20:41:00.873779+00:00
3959203,[日訊物業好多盤] 開揚海景 靚裝租盤 好住實用,荃灣,海濱花園,15800,419,2,1,日訊物業代理有限公司,https://i1.28hse.com/2026/08/202608041309374276914_thumb.jpg,https://www.28hse.com/rent/apartment/property-3959203,2026-08-05T20:41:00.873779+00:00
3751170,3房大廳，鄰近地鐵,荃灣,,16500,513,3,1,荃盛置業有限公司,https://i1.28hse.com/2026/08/202608041200444979304_thumb.jpg,https://www.28hse.com/rent/apartment/property-3751170,2026-08-05T20:41:00.873779+00:00
2994845,海景/中層樓齡新淨/可寵物,西貢,黃竹灣,13000,700,3,1,高民置業,https://i1.28hse.com/2025/02/202502251736253231625_thumb.jpg,https://www.28hse.com/rent/apartment/property-2994845,2026-08-05T20:41:00.873779+00:00
3957679,西貢市中心村屋， 罕有放盤,西貢,普通道,11000,600,1,1,厚達地產有限公司,https://i1.28hse.com/2026/08/202608031315316392749_thumb.jpg,https://www.28hse.com/rent/apartment/property-3957679,2026-08-05T20:41:00.873779+00:00
